승차지역,동구 원동,동구 인동,동구 효동,동구 천동,동구 가오동,동구 신흥동,동구 판암동,동구 삼정동,동구 용운동,동구 대동,동구 자양동,동구 신안동,동구 소제동,동구 가양동,동구 용전동,동구 성남동,동구 홍도동,동구 삼성동,동구 정동,동구 중동,동구 추동,동구 비룡동,동구 주산동,동구 용계동,동구 마산동,동구 효평동,동구 직동,동구 세천동,동구 신상동,동구 신하동,동구 신촌동,동구 사성동,동구 내탑동,동구 오동,동구 주촌동,동구 낭월동,동구 대별동,동구 이사동,동구 대성동,동구 장척동,동구 소호동,동구 구도동,동구 삼괴동,동구 상소동,동구 하소동,중구 은행동,중구 선화동,중구 목동,중구 중촌동,중구 대흥동,중구 문창동,중구 석교동,중구 호동,중구 옥계동,중구 대사동,중구 부사동,중구 용두동,중구 오류동,중구 태평동,중구 유천동,중구 문화동,중구 산성동,중구 사정동,중구 안영동,중구 무수동,중구 구완동,중구 침산동,중구 목달동,중구 정생동,중구 어남동,중구 금동,서구 복수동,서구 변동,서구 도마동,서구 정림동,서구 용문동,서구 탄방동,서구 괴정동,서구 가장동,서구 내동,서구 갈마동,서구 둔산동,서구 월평동,서구 가수원동,서구 도안동,서구 관저동,서구 흑석동,서구 매노동,서구 산직동,서구 장안동,서구 평촌동,서구 오동,서구 우명동,서구 원정동,서구 용촌동,서구 봉곡동,서구 괴곡동,서구 만년동,유성구 원내동,유성구 교촌동,유성구 대정동,유성구 용계동,유성구 학하동,유성구 계산동,유성구 성북동,유성구 세동,유성구 송정동,유성구 방동,유성구 봉명동,유성구 구암동,유성구 덕명동,유성구 원신흥동,유성구 상대동,유성구 복용동,유성구 장대동,유성구 갑동,유성구 노은동,유성구 지족동,유성구 죽동,유성구 궁동,유성구 어은동,유성구 구성동,유성구 신성동,유성구 가정동,유성구 도룡동,유성구 장동,유성구 방현동,유성구 화암동,유성구 덕진동,유성구 하기동,유성구 추목동,유성구 자운동,유성구 신봉동,유성구 수남동,유성구 안산동,유성구 외삼동,유성구 반석동,유성구 문지동,유성구 전민동,유성구 원촌동,유성구 탑립동,유성구 용산동,유성구 봉산동,유성구 관평동,유성구 송강동,유성구 금고동,유성구 대동,유성구 금탄동,유성구 신동,유성구 둔곡동,유성구 구룡동,대덕구 오정동,대덕구 대화동,대덕구 읍내동,대덕구 연축동,대덕구 신대동,대덕구 와동,대덕구 송촌동,대덕구 법동,대덕구 중리동,대덕구 비래동,대덕구 석봉동,대덕구 목상동,대덕구 문평동,대덕구 신일동,대덕구 덕암동,대덕구 상서동,대덕구 평촌동,대덕구 장동,대덕구 용호동,대덕구 이현동,대덕구 갈전동,대덕구 부수동,대덕구 황호동,대덕구 삼정동,대덕구 미호동,대덕구 신탄진동
동구 원동,40,95,28,60,85,18,173,3,177,154,160,9,31,211,117,105,53,134,26,22,2,2,0,0,0,1,1,4,3,0,0,0,0,0,0,32,3,9,29,1,1,5,1,1,2,60,147,23,101,246,96,0,18,29,121,0,0,54,35,46,97,42,7,1,0,0,0,0,0,0,0,20,13,48,13,12,50,19,11,10,28,85,26,8,7,15,0,0,0,0,0,0,0,0,0,0,0,29,4,0,0,0,0,1,0,0,0,0,23,3,4,1,4,2,9,0,10,3,3,4,1,3,2,0,15,2,0,0,0,1,0,1,2,0,0,0,0,0,6,1,0,2,1,5,4,0,0,0,0,0,0,87,19,11,3,3,2,40,32,51,39,3,1,0,2,0,1,1,0,0,0,0,0,0,0,0,5
동구 인동,94,247,35,79,387,52,282,2,250,167,167,31,70,270,139,70,70,63,119,104,1,1,2,0,0,0,0,4,2,0,0,1,0,0,0,42,22,0,44,0,0,6,0,0,3,192,159,14,50,499,68,0,21,38,169,0,0,101,35,78,132,41,6,9,1,0,0,0,0,0,0,12,24,30,19,44,142,40,8,19,52,244,49,9,4,52,0,0,0,0,0,0,0,0,0,0,0,12,5,0,1,1,0,0,0,0,0,0,41,11,0,7,2,2,7,0,11,11,2,8,1,3,1,7,9,0,0,0,0,2,0,0,0,0,0,0,1,2,2,0,2,9,3,10,2,0,0,0,1,0,0,83,24,9,1,5,1,75,49,91,62,11,1,0,1,1,1,1,0,0,0,0,0,0,0,0,19
동구 효동,43,22,34,31,207,18,106,2,124,90,48,5,14,92,37,37,27,21,54,40,0,0,0,0,0,0,0,0,0,0,0,0,0,0,0,24,6,2,31,0,0,4,0,0,0,65,38,13,11,161,33,0,17,31,39,0,0,38,17,27,43,12,9,1,0,0,0,0,0,0,0,8,3,11,3,8,25,19,4,1,18,66,25,3,3,11,0,0,0,0,0,0,0,0,0,0,0,5,2,0,0,1,0,0,0,0,0,0,9,1,0,2,1,2,1,0,0,5,1,3,0,10,3,0,1,0,0,0,0,0,0,1,0,0,0,0,0,2,13,2,0,2,2,2,0,0,0,0,0,0,0,60,16,1,0,0,1,28,13,20,26,4,0,0,0,2,0,1,0,0,0,0,0,0,0,0,2
동구 천동,61,63,21,47,516,25,213,7,108,91,77,11,87,171,90,49,19,39,54,56,0,0,0,0,0,0,0,0,0,1,0,0,0,0,0,55,8,1,78,0,0,7,0,0,1,144,88,15,25,294,65,0,20,47,76,0,0,63,23,26,60,16,1,2,0,0,0,0,0,0,0,5,4,16,18,9,73,30,4,4,28,114,18,6,4,11,0,0,0,0,0,0,0,0,0,0,0,4,0,0,1,0,0,1,0,0,0,0,14,2,1,2,0,0,3,0,0,6,1,1,0,0,0,0,10,1,0,0,0,0,0,1,0,0,0,0,0,1,3,1,6,2,3,2,0,0,0,0,0,0,5,24,4,7,0,2,2,27,13,42,25,1,0,1,2,0,1,1,0,0,0,0,0,0,0,0,0
동구 가오동,104,286,206,580,314,207,1246,14,809,370,259,32,227,410,236,140,114,108,215,122,2,11,1,0,1,0,0,14,1,2,1,0,0,0,0,803,88,23,335,0,1,60,5,12,12,300,203,44,63,675,377,0,106,330,205,0,0,158,54,129,226,64,18,13,0,0,0,1,0,0,0,39,23,76,19,56,150,88,37,32,128,370,81,28,22,88,0,0,0,0,0,0,0,0,0,0,0,30,12,1,2,0,1,5,0,0,0,0,76,11,2,16,13,4,15,0,5,13,7,8,5,0,2,1,23,2,0,0,0,4,0,0,1,0,0,0,8,3,19,0,1,3,4,21,2,0,0,0,0,0,0,155,23,23,2,2,3,105,64,144,113,5,2,1,4,9,1,1,0,0,0,0,0,0,0,1,16
동구 신흥동,39,36,15,56,288,34,185,2,196,85,109,5,74,194,69,48,30,43,24,28,1,0,0,0,0,0,0,3,0,0,0,0,0,0,0,19,3,0,29,0,0,2,0,0,0,74,60,12,30,211,58,0,12,13,84,0,0,51,15,24,56,11,2,2,0,0,0,0,0,0,0,15,9,25,9,17,24,15,7,5,22,105,17,4,3,13,0,0,0,0,0,1,0,0,0,0,0,2,2,0,1,0,0,0,0,0,0,0,15,3,0,2,0,0,5,0,2,1,1,6,0,1,1,1,2,1,0,0,0,0,0,0,0,0,0,0,0,7,0,0,0,0,0,1,0,0,0,0,0,3,0,25,8,5,1,3,3,42,22,55,51,2,0,0,1,1,4,1,0,0,0,0,0,0,0,0,1
동구 판암동,123,182,85,240,1401,154,711,30,1035,425,350,29,235,453,320,178,115,103,90,188,22,25,3,0,5,0,0,53,7,10,3,0,0,0,0,205,39,5,178,0,0,24,1,1,0,239,175,47,78,742,180,0,62,115,250,0,0,112,43,111,168,53,8,5,0,0,0,0,0,0,0,19,24,59,27,51,119,51,14,21,72,330,71,30,16,56,1,0,0,0,0,0,0,0,0,0,2,24,2,3,4,2,2,0,0,0,0,0,68,7,4,5,3,1,12,2,2,8,0,9,5,0,2,0,7,3,0,0,0,2,0,0,1,0,0,0,6,5,11,1,4,13,16,10,9,0,0,0,0,0,0,144,24,31,2,1,5,167,64,166,151,6,5,3,8,6,3,5,1,0,1,0,0,0,1,0,11
동구 삼정동,2,0,0,1,9,1,13,25,3,5,6,0,3,7,1,1,0,5,4,1,0,0,1,0,0,0,0,4,2,0,0,0,0,0,0,2,0,0,2,0,0,0,0,0,0,0,0,0,1,3,1,0,0,0,1,0,0,1,0,3,1,1,1,0,0,0,0,0,0,0,0,0,0,0,0,0,3,0,0,0,0,3,0,0,0,1,0,0,0,0,0,0,0,0,0,0,0,0,1,0,0,0,0,0,0,0,0,0,0,0,0,0,0,0,0,0,0,0,0,0,0,0,0,0,0,0,0,0,0,0,0,0,0,0,0,0,0,0,0,0,0,0,0,0,0,0,0,0,0,0,0,2,0,0,0,0,0,3,0,0,2,0,0,0,0,0,0,0,0,0,0,0,0,0,0,1,1
동구 용운동,110,157,113,143,872,140,833,16,1800,812,1000,28,1341,861,1543,257,181,179,121,256,1,5,0,0,0,0,0,12,2,2,2,0,0,0,0,88,14,0,110,0,0,19,1,0,0,805,293,55,100,1083,143,0,32,56,222,0,0,247,60,123,154,37,8,7,0,0,0,0,0,0,0,39,20,67,36,54,189,95,19,50,129,618,101,20,17,55,0,0,0,0,0,0,0,0,0,0,0,26,11,1,6,2,4,0,0,0,0,0,76,5,6,9,11,3,11,0,27,13,4,24,13,2,8,3,15,7,0,2,0,2,1,0,1,0,0,1,4,6,28,4,2,10,2,42,10,0,0,0,0,0,0,132,54,24,3,8,3,377,208,216,404,15,1,2,7,4,6,1,1,0,0,0,0,0,0,0,11
동구 대동,169,156,59,146,453,77,512,5,1060,319,561,28,398,970,627,263,195,199,86,129,1,2,0,0,0,0,0,6,0,1,0,0,0,0,0,70,9,0,86,0,0,5,2,0,0,509,334,57,131,943,161,0,50,65,167,0,0,161,73,97,158,56,22,2,0,0,0,0,0,0,0,25,16,57,16,47,166,72,16,39,118,459,94,25,16,58,0,0,0,1,0,0,0,0,0,0,1,37,7,0,4,8,1,1,0,0,0,0,73,7,12,7,10,3,12,0,2,14,4,14,9,0,2,2,7,5,0,0,0,2,0,0,6,0,2,0,2,12,22,1,5,6,6,25,5,0,0,0,0,0,0,139,29,29,2,4,3,227,108,202,216,16,3,6,2,9,16,2,0,0,0,0,0,0,0,0,12
동구 자양동,96,81,40,77,310,90,269,5,1061,464,699,67,1381,1320,2161,277,221,346,119,213,3,4,1,0,1,1,0,6,1,1,1,0,0,0,0,34,8,0,56,0,0,10,0,2,0,793,301,47,121,1046,60,0,15,36,101,0,0,290,73,126,150,36,9,3,0,0,0,0,0,0,0,41,36,107,14,55,188,112,12,35,142,737,128,23,16,97,0,0,0,0,0,0,0,0,0,0,1,54,7,6,12,5,0,2,0,0,0,0,84,10,7,10,15,1,25,1,8,17,12,39,10,3,15,4,15,11,0,2,1,8,0,0,1,0,0,0,8,4,38,1,3,11,10,33,26,0,0,0,0,0,0,213,110,23,7,9,3,407,216,299,342,10,4,12,18,14,4,8,0,1,0,0,0,0,0,0,20
동구 신안동,15,23,15,33,43,15,64,0,91,40,71,15,21,78,40,21,16,23,14,9,0,0,0,0,0,0,0,1,0,0,0,0,0,0,0,5,3,0,10,0,0,0,0,0,0,57,36,8,19,146,29,0,2,4,38,0,0,64,14,16,33,5,3,3,0,0,0,0,0,0,0,8,6,14,2,9,39,9,4,6,23,62,12,3,9,23,0,0,0,0,0,0,0,0,0,0,0,4,1,1,1,1,0,0,0,0,0,0,2,0,0,1,3,0,0,0,0,7,1,2,0,0,1,1,2,0,0,0,0,0,0,0,0,0,0,0,1,3,2,0,0,0,0,3,0,0,0,0,0,0,0,19,2,3,2,0,0,14,12,29,6,0,0,2,1,0,0,0,0,0,0,0,0,0,0,0,4
동구 소제동,21,41,19,74,167,49,127,1,837,194,714,15,100,826,373,149,147,59,16,62,1,3,0,0,0,0,0,0,2,0,0,0,0,0,0,22,4,2,52,0,0,7,0,1,1,184,101,20,34,236,46,0,11,4,55,0,0,55,25,23,54,12,4,0,0,0,0,0,0,0,0,20,5,29,8,14,45,30,3,7,55,223,41,12,14,51,0,0,0,0,0,0,0,0,0,0,0,32,5,1,0,0,2,2,0,0,0,0,64,5,6,13,5,1,4,5,4,9,8,21,28,19,15,7,54,6,0,3,1,2,0,0,1,0,1,0,2,24,40,8,9,15,5,43,6,0,0,0,2,0,0,82,11,11,16,11,5,195,188,172,108,5,1,2,4,4,3,5,1,0,0,0,0,0,0,0,8
동구 가양동,120,170,73,161,438,149,458,12,1216,921,1562,95,1928,2651,4030,768,699,693,214,491,9,7,5,0,1,0,0,5,6,4,1,0,0,0,0,74,14,1,81,0,0,9,1,2,2,1311,661,150,287,1263,160,0,17,59,322,0,0,434,202,222,330,88,29,8,0,0,0,0,0,0,0,84,81,154,51,163,465,242,59,74,298,1266,222,43,52,156,0,0,0,0,0,0,1,0,0,0,2,91,20,5,7,9,6,4,0,0,0,0,220,20,17,47,32,2,54,1,27,38,11,51,17,12,16,3,88,22,0,14,0,12,1,0,2,0,0,0,14,37,52,6,15,33,30,105,38,0,0,0,1,0,1,598,214,105,9,30,29,1490,647,1152,1306,40,25,12,26,36,33,9,3,0,0,0,0,0,0,0,69
동구 용전동,126,177,49,160,326,96,507,7,1316,507,1699,72,1955,2968,2217,784,1327,764,376,384,2,1,1,0,0,0,0,6,1,1,1,1,0,0,0,72,15,2,81,1,0,45,2,1,2,1099,1031,297,517,1175,181,0,19,69,312,0,0,562,404,333,449,177,50,26,0,0,0,0,0,0,0,176,164,339,78,365,900,486,112,187,782,2494,575,92,122,227,0,0,0,0,0,0,0,0,1,0,4,236,44,4,31,27,3,8,1,0,0,1,510,72,24,80,43,9,76,4,39,82,28,173,82,26,73,16,142,52,0,6,0,47,0,8,7,1,1,0,41,54,215,22,35,68,42,207,62,0,0,0,0,0,0,1506,694,317,47,85,65,2432,1511,2665,1186,99,75,69,85,84,48,47,8,0,1,0,0,0,1,1,186
동구 성남동,45,73,26,59,120,50,198,2,344,294,527,31,338,1172,642,271,289,185,79,140,1,0,0,0,0,1,0,3,2,4,0,1,0,0,0,25,5,0,15,0,0,22,1,0,3,272,259,85,175,328,49,0,9,25,88,0,0,129,78,71,110,41,11,2,0,0,0,0,0,0,0,47,54,76,18,66,244,98,24,27,121,453,127,17,17,38,0,0,0,1,0,0,0,0,0,0,2,39,5,2,7,3,0,3,0,0,0,0,91,7,9,13,11,3,10,0,6,20,8,21,6,6,7,1,22,16,0,0,0,5,0,0,1,0,0,0,8,13,13,2,4,27,7,29,12,0,0,0,0,0,0,301,64,54,23,15,9,597,265,510,386,15,5,6,3,11,9,3,2,0,0,0,0,0,0,0,38
동구 홍도동,34,49,20,31,124,48,132,3,211,211,315,28,376,1107,1045,406,345,340,233,140,0,2,0,0,0,0,0,1,0,0,0,0,0,0,0,57,6,0,25,0,0,11,1,0,2,385,420,232,303,463,55,0,21,18,114,0,0,257,229,180,150,97,19,5,0,0,0,0,0,0,0,67,70,116,30,143,477,178,56,62,282,1105,264,28,33,84,0,0,0,0,0,0,0,0,0,0,1,69,12,5,8,5,5,1,0,0,0,0,233,12,15,54,25,3,40,0,20,36,18,65,17,8,8,5,40,24,0,0,1,7,1,1,3,0,0,0,14,20,99,6,5,22,21,56,22,0,0,0,0,0,0,831,241,132,11,23,34,686,416,991,300,39,23,29,27,26,5,5,2,0,0,0,0,0,1,0,45
동구 삼성동,109,73,30,30,103,51,142,6,187,221,404,24,83,789,631,383,383,427,337,230,0,0,0,0,0,0,1,2,1,0,0,0,0,0,0,45,7,0,34,0,0,1,0,1,0,529,538,240,377,648,91,0,11,26,203,0,0,320,175,180,274,52,6,13,0,0,0,0,0,0,0,50,63,164,36,131,482,177,53,55,228,1051,210,30,16,75,0,0,0,0,0,0,0,0,0,0,0,77,7,3,5,4,1,3,0,0,0,0,134,18,4,59,9,2,32,1,32,28,8,39,16,4,9,7,45,10,0,0,2,9,0,2,0,0,0,0,10,9,23,4,3,18,10,17,15,0,0,0,0,0,0,487,137,70,10,7,7,297,164,386,214,10,12,16,12,12,17,7,2,0,0,0,0,0,0,0,16
동구 정동,37,140,75,103,187,62,192,6,568,187,452,17,29,1329,763,391,368,347,175,51,1,4,0,0,1,0,0,4,4,6,1,0,0,0,0,108,24,2,92,0,0,6,1,3,2,239,730,324,383,1086,226,0,34,67,544,0,0,683,449,356,703,191,63,23,1,0,1,0,0,0,1,305,158,547,145,222,832,409,144,232,729,3058,662,155,236,627,1,0,1,0,1,1,0,0,0,0,3,480,60,15,30,40,4,27,0,0,1,0,756,41,47,181,95,17,150,24,71,150,154,334,692,245,291,135,608,159,4,81,19,35,18,26,39,11,0,0,44,273,567,71,84,171,59,320,78,0,1,0,1,2,2,677,235,85,43,14,14,277,293,408,148,56,26,24,39,25,18,22,5,0,0,0,0,0,0,1,65
동구 중동,22,86,40,61,99,40,193,2,300,183,262,19,51,575,349,276,196,372,35,143,1,0,0,0,0,0,0,3,2,0,0,0,0,0,0,64,10,2,52,0,0,6,0,1,2,101,605,146,225,440,117,0,11,70,176,0,0,261,150,169,278,97,19,8,0,0,0,1,0,1,0,61,55,162,41,91,215,92,37,78,223,498,134,59,40,120,2,0,2,0,1,0,0,0,0,0,0,67,13,4,1,8,0,5,0,0,0,0,120,17,12,24,18,0,24,5,10,16,27,55,55,21,33,8,66,17,0,8,0,12,3,2,4,1,1,0,4,25,53,14,7,19,14,62,17,0,0,0,0,0,0,334,66,25,3,8,4,110,113,176,81,14,5,6,5,11,8,10,1,0,0,0,0,0,0,0,21
동구 추동,0,0,0,0,0,0,1,0,0,1,0,0,0,0,1,0,0,0,0,0,1,0,0,0,0,0,1,0,0,0,0,0,0,0,0,0,0,0,0,0,0,0,0,0,0,0,0,0,0,0,0,0,0,0,0,0,0,0,0,0,0,0,0,0,0,0,0,0,0,0,0,0,0,0,0,0,0,0,0,0,0,0,0,0,0,0,0,0,0,0,0,0,0,0,0,0,0,0,0,0,0,0,0,0,0,0,0,0,0,0,0,0,0,0,0,0,0,0,0,0,0,0,0,0,0,0,0,0,0,0,0,0,0,0,0,0,0,0,0,0,0,0,0,0,0,0,0,0,0,0,0,0,0,0,0,0,0,0,0,0,1,0,0,0,0,0,0,0,0,0,0,0,0,0,0,0,0
동구 비룡동,1,0,0,0,3,0,4,0,1,1,1,0,0,2,2,0,1,0,0,0,0,2,0,0,1,1,0,0,0,0,0,0,0,0,0,0,0,0,2,0,0,0,0,0,0,0,0,0,0,1,0,0,0,0,0,0,0,1,0,0,0,0,0,0,0,0,0,0,0,0,0,0,0,0,0,2,1,0,0,0,1,0,1,0,0,0,0,0,0,0,0,0,0,0,0,0,0,0,0,0,0,0,0,0,0,0,0,0,0,0,0,0,0,0,0,0,0,0,0,0,0,0,0,0,0,0,0,0,0,0,0,0,0,0,0,0,0,0,0,0,0,0,0,0,0,0,0,0,0,0,0,2,0,0,0,0,0,2,0,1,3,0,0,0,0,0,0,0,0,0,0,0,0,0,0,0,0
동구 주산동,0,0,0,0,0,0,1,0,1,1,0,0,1,0,0,0,0,0,0,0,0,0,0,0,0,0,0,0,0,0,0,0,0,0,0,0,0,0,0,0,0,0,0,0,0,0,0,0,0,1,0,0,0,0,0,0,0,0,0,0,0,0,0,0,0,0,0,0,0,0,0,0,0,0,0,0,0,0,0,0,0,0,0,0,0,0,0,0,0,0,0,0,0,0,0,0,0,0,0,0,0,0,0,0,0,0,0,0,0,0,0,0,0,0,0,0,0,0,0,0,0,0,0,0,0,0,0,0,0,0,0,0,0,0,0,0,0,0,0,0,0,0,0,0,0,0,0,0,0,0,0,0,0,0,0,0,0,0,0,0,0,0,0,0,0,0,0,0,0,0,0,0,0,0,0,0,0
동구 마산동,0,0,0,0,0,0,0,0,0,0,0,0,0,1,0,0,0,0,0,0,0,0,1,0,0,0,0,0,0,0,0,0,0,0,0,0,0,0,0,0,0,0,0,0,0,0,0,0,0,0,0,0,0,0,0,0,0,0,0,0,0,0,0,0,0,0,0,0,0,0,0,0,0,0,0,0,0,0,0,0,0,2,0,0,0,0,0,0,0,0,0,0,0,0,0,0,0,0,0,0,0,0,0,0,0,0,0,0,0,0,0,0,0,0,0,0,0,0,0,0,0,0,0,0,0,0,0,0,0,0,0,0,0,0,0,0,0,0,0,0,0,0,0,0,0,0,0,0,0,0,0,1,0,0,0,0,0,0,0,0,0,0,0,0,0,0,0,0,0,0,0,0,0,0,0,0,0
동구 효평동,0,0,0,0,0,0,0,0,0,0,0,0,0,0,0,0,0,0,0,0,1,0,0,0,0,0,0,0,0,0,0,0,0,0,0,0,0,0,0,0,0,0,0,0,0,0,0,0,0,0,0,0,0,0,0,0,0,0,0,0,0,0,0,0,0,0,0,0,0,0,0,0,0,0,0,0,0,0,0,0,0,0,0,0,0,0,0,0,0,0,0,0,0,0,0,0,0,0,0,0,0,0,0,0,0,0,0,0,0,0,0,0,0,0,0,0,0,0,0,0,0,0,0,0,0,0,0,0,0,0,0,0,0,0,0,0,0,0,0,0,0,0,0,0,0,0,0,0,0,0,0,0,0,0,0,0,0,0,0,0,0,0,0,0,0,0,0,0,0,0,0,0,0,0,0,1,0
동구 직동,0,0,0,0,0,0,0,0,0,0,0,0,0,0,0,0,0,0,0,0,0,0,0,0,0,0,0,0,0,0,0,0,0,0,0,0,0,0,0,0,0,0,0,0,0,0,0,0,0,0,0,0,0,0,0,0,0,0,0,0,0,0,0,0,0,0,0,0,0,0,0,0,0,0,0,0,0,0,0,0,0,0,0,0,0,0,0,0,0,0,0,0,0,0,0,0,0,0,0,0,0,0,0,0,0,0,0,0,0,0,0,0,0,0,0,0,0,0,0,0,0,0,0,0,0,0,0,0,0,0,0,0,0,0,0,0,0,0,0,0,0,0,0,0,0,0,0,0,0,0,0,0,0,0,0,0,0,0,0,0,0,0,0,0,0,0,0,0,0,0,0,0,0,0,0,0,1
동구 세천동,0,0,0,4,2,0,11,1,3,1,0,1,0,0,2,0,0,0,1,0,0,0,0,0,0,0,0,4,0,0,0,0,0,0,0,0,0,0,0,0,0,0,0,0,0,3,0,0,1,3,0,0,0,0,2,0,0,0,0,0,2,0,0,0,0,0,0,0,0,0,0,0,0,1,0,0,0,0,0,0,0,1,0,0,0,1,0,0,0,0,0,0,0,0,0,0,0,2,0,0,0,0,0,0,0,0,0,0,0,0,0,0,0,0,0,0,0,0,0,0,0,0,0,0,0,0,0,0,0,0,0,0,0,0,0,0,0,0,0,0,0,0,0,0,0,0,0,0,0,0,0,1,0,0,0,0,0,5,0,1,0,0,0,0,0,0,0,0,0,0,0,0,0,0,0,0,0
동구 신상동,0,0,0,0,2,0,0,0,1,1,1,0,2,0,2,1,0,0,0,1,0,0,0,0,0,0,0,0,2,0,0,0,0,0,0,0,0,0,1,0,0,0,0,0,0,0,0,0,0,0,0,0,0,0,0,0,0,0,0,0,0,0,0,0,0,0,0,0,0,0,0,0,0,0,1,0,0,0,0,0,0,0,0,0,0,0,0,0,0,0,0,0,0,0,0,0,0,0,0,0,0,0,0,0,0,0,0,0,0,0,0,0,0,0,1,0,0,0,0,0,0,0,0,0,0,0,0,0,0,0,0,0,0,0,0,0,0,0,0,0,0,0,0,0,0,0,0,0,0,0,0,0,0,0,0,0,0,1,0,0,0,0,0,0,0,0,0,0,0,0,0,0,0,0,0,0,0
동구 신하동,0,0,0,0,0,0,1,0,0,0,1,0,0,0,0,0,0,0,0,0,0,0,0,0,0,0,0,0,0,1,0,0,0,0,0,0,0,0,0,0,0,0,0,0,0,0,0,0,0,0,0,0,0,0,0,0,0,0,0,0,0,0,0,0,0,0,0,0,0,0,0,0,0,0,0,0,0,0,0,0,0,0,0,0,0,0,0,0,0,0,0,0,0,0,0,0,0,0,0,0,0,0,0,0,0,0,0,0,0,0,0,0,0,0,0,0,0,0,0,0,0,0,0,0,0,0,0,0,0,0,0,0,0,0,0,0,0,0,0,0,0,0,0,0,0,0,0,0,0,0,0,0,0,0,0,0,0,0,0,0,2,0,0,0,0,0,0,0,0,0,0,0,0,0,0,0,0
동구 신촌동,0,0,0,0,0,0,0,0,0,0,0,0,0,0,0,0,0,0,0,0,0,0,0,0,0,0,0,0,0,0,0,0,0,0,0,0,0,0,0,0,0,0,0,0,0,0,0,0,0,0,0,0,0,0,0,0,0,0,0,0,0,0,0,0,0,0,0,0,0,0,0,0,0,0,0,0,1,0,0,0,0,1,0,0,0,0,0,0,0,0,0,0,0,0,0,0,0,0,0,0,0,0,0,0,0,0,0,0,0,0,0,0,0,0,0,0,0,0,0,0,0,0,0,0,0,0,0,0,0,0,0,0,0,0,0,0,0,0,0,0,0,0,0,0,0,0,0,0,0,0,0,0,0,0,0,0,0,1,0,0,0,0,0,0,0,0,0,0,0,0,0,0,0,0,0,0,0
동구 낭월동,49,40,22,54,677,25,215,0,75,58,35,2,9,75,56,40,26,44,158,50,2,0,0,0,0,0,0,1,0,1,0,0,0,0,0,182,80,1,120,0,2,25,14,7,6,115,89,18,31,223,87,0,33,87,72,0,0,53,30,48,73,20,4,6,0,1,0,0,0,0,0,7,5,25,8,20,54,38,5,14,60,124,17,14,4,21,0,0,0,0,0,0,0,0,0,0,0,21,13,3,2,0,0,2,0,0,0,0,26,1,1,1,3,1,2,0,2,7,5,7,8,7,2,0,7,1,0,0,0,1,0,0,0,0,0,0,1,2,3,0,2,1,0,4,1,0,0,0,0,0,0,27,16,4,0,0,0,27,7,30,30,1,0,0,0,3,0,1,0,0,0,0,0,0,0,0,3
동구 대별동,3,0,2,7,48,2,27,0,21,11,3,1,1,8,2,4,2,2,18,6,0,0,0,0,0,0,0,0,0,0,0,0,0,0,0,18,23,2,7,1,1,5,1,0,0,10,10,1,3,21,5,0,3,16,14,0,0,5,3,7,5,1,0,1,0,0,1,0,0,0,0,2,0,0,2,3,8,3,0,0,3,8,2,0,0,1,0,0,0,0,0,0,0,0,0,0,0,2,1,0,0,0,0,0,0,0,0,0,7,0,0,0,1,0,0,0,0,0,0,0,1,0,0,0,0,0,0,0,0,0,0,0,0,0,0,0,0,1,1,0,0,0,0,0,0,0,0,0,0,0,0,1,3,0,0,0,0,0,1,1,3,0,0,0,0,0,0,0,0,0,0,0,0,0,0,0,0
동구 이사동,0,0,0,0,7,0,2,0,0,0,0,0,0,1,0,1,0,0,4,0,0,0,0,0,0,0,0,0,0,0,0,0,0,0,0,0,0,1,0,0,0,1,0,0,0,1,0,0,0,0,0,0,0,0,0,0,0,1,0,0,0,0,0,0,0,0,0,0,0,0,0,2,0,0,0,0,0,0,0,0,1,0,0,0,0,0,0,0,0,0,0,0,0,0,0,0,0,0,0,0,0,0,0,0,0,0,0,0,0,0,0,1,0,0,0,0,0,0,0,0,0,0,0,0,0,0,0,0,0,0,0,0,0,0,0,0,0,0,0,0,0,0,0,0,0,0,0,0,0,0,0,0,0,0,0,0,0,0,0,0,0,0,0,0,0,0,0,0,0,0,0,0,0,0,0,0,0
동구 대성동,24,38,27,68,341,14,206,1,111,57,67,7,52,129,49,38,19,21,109,41,0,0,0,0,0,0,0,0,1,1,0,0,0,0,0,135,30,7,128,0,0,9,2,1,2,104,56,11,27,228,56,0,28,32,108,0,0,47,17,32,61,17,5,0,0,0,0,0,0,0,0,5,8,11,7,9,33,15,5,5,27,124,20,9,8,13,0,0,0,0,0,0,0,0,0,0,0,10,5,0,2,2,0,0,0,0,0,0,24,1,3,5,2,2,2,0,0,3,0,9,2,1,0,1,9,2,0,0,2,1,0,0,0,0,0,0,0,4,3,0,0,1,2,5,0,0,0,0,0,0,1,30,3,9,0,2,1,31,21,24,39,1,1,0,1,1,2,0,0,0,0,0,0,0,0,0,4
동구 장척동,0,0,0,0,1,0,0,0,0,0,0,0,0,0,0,0,0,0,0,0,0,0,0,0,0,0,0,0,0,0,0,0,0,0,0,0,0,0,0,0,0,0,0,0,0,0,0,0,0,0,0,0,0,0,0,0,0,0,0,0,0,0,0,0,0,0,0,0,0,0,0,0,0,0,0,0,0,0,0,0,0,0,0,0,0,0,0,0,0,0,0,0,0,0,0,0,0,0,0,0,0,0,0,0,0,0,0,0,0,0,0,0,0,0,0,0,0,0,0,0,0,0,0,0,0,0,0,0,0,0,0,0,0,0,0,0,0,0,0,0,0,0,0,0,0,0,0,0,0,0,0,0,0,0,0,0,0,0,0,0,0,0,0,0,0,0,0,0,0,0,0,0,0,0,0,0,0
동구 소호동,0,0,0,0,0,0,0,0,0,0,0,0,0,0,0,0,0,0,0,0,0,0,0,0,0,0,0,0,0,0,0,0,0,0,0,0,0,0,0,0,0,0,0,0,0,0,0,0,0,0,0,0,0,0,0,0,0,0,0,0,0,0,0,0,0,0,0,0,0,0,0,0,0,0,0,0,0,0,0,0,0,0,0,0,0,0,0,0,0,0,0,0,0,0,0,0,0,0,0,0,0,0,0,0,0,0,0,0,0,0,0,0,0,0,0,0,0,0,0,0,0,0,0,0,0,0,0,0,0,0,0,0,0,0,0,0,1,0,0,0,0,0,0,0,0,0,0,0,0,0,0,0,0,0,0,0,0,1,0,0,0,0,0,0,0,0,0,0,0,0,0,0,0,0,0,0,0
동구 구도동,1,4,1,11,25,1,16,0,21,8,1,0,0,4,8,5,1,0,12,3,0,0,0,0,0,0,0,0,0,0,0,0,0,0,0,24,3,1,5,0,0,4,1,0,1,1,1,0,7,5,5,0,6,8,6,0,0,6,0,3,6,3,0,0,0,0,0,0,0,0,0,3,0,1,1,1,0,0,2,0,6,6,1,0,2,8,0,0,0,0,0,0,0,0,0,0,0,0,1,0,0,0,0,0,0,0,0,0,2,1,2,0,0,0,0,0,0,1,0,0,0,0,0,0,0,0,0,0,0,1,0,0,0,0,0,0,0,0,0,0,0,0,1,0,1,0,0,0,0,0,0,1,0,0,0,0,0,1,0,0,5,0,0,0,0,0,0,0,0,0,0,0,0,0,0,0,0
동구 삼괴동,0,0,0,0,1,0,0,0,0,0,0,0,1,0,0,0,0,0,1,0,0,0,0,0,0,0,0,0,0,0,0,0,0,0,0,0,0,0,1,0,0,1,2,0,0,0,0,0,0,2,0,0,0,0,0,0,0,0,0,0,0,0,0,0,0,0,0,0,0,0,0,0,0,0,0,0,0,0,0,0,1,0,0,0,0,0,0,0,0,0,0,0,0,0,0,0,0,0,0,0,0,0,0,0,0,0,0,0,0,0,0,0,0,0,1,0,0,0,0,0,0,0,0,0,0,0,0,0,0,0,0,0,0,0,0,0,0,0,0,0,0,0,0,0,0,0,0,0,0,0,0,0,0,0,0,0,0,0,0,0,0,0,0,0,0,0,0,0,0,0,0,0,0,0,0,0,0
동구 상소동,0,0,0,0,0,0,0,0,0,0,0,0,0,0,0,0,0,0,5,0,0,0,0,0,0,0,0,0,0,0,0,0,0,0,0,0,0,0,0,0,0,0,0,1,0,0,0,0,0,0,0,0,0,0,0,0,0,1,0,1,0,0,0,0,0,0,0,0,0,0,0,0,0,0,0,0,0,0,0,0,1,1,0,0,0,0,0,0,0,0,0,0,0,0,0,0,0,0,0,0,0,0,0,0,0,0,0,0,1,0,0,0,0,0,0,0,0,0,0,0,0,0,0,0,1,0,0,0,0,0,0,0,0,0,0,0,0,0,0,0,0,0,0,0,0,0,0,0,0,0,0,0,0,0,0,0,0,0,0,0,0,0,0,0,0,0,0,0,0,0,0,0,0,0,0,0,0
동구 하소동,0,0,0,0,1,0,0,0,0,0,0,0,0,0,0,0,0,0,1,0,0,0,0,0,0,0,0,0,0,0,0,0,0,0,0,0,0,0,0,0,0,1,0,0,0,0,0,0,1,0,1,0,0,0,0,0,0,0,0,0,0,0,0,0,0,0,0,0,0,0,0,0,0,0,0,0,0,0,0,0,0,1,0,0,0,0,0,0,0,0,0,0,0,0,0,0,0,0,0,0,0,0,0,0,0,0,0,0,0,0,0,0,0,0,0,0,0,0,0,0,0,0,0,0,0,0,0,0,0,0,0,0,0,0,0,0,0,0,0,0,0,0,0,0,0,0,0,0,0,0,0,0,0,0,0,0,0,0,0,0,0,0,0,0,0,0,0,0,0,0,0,0,0,0,0,0,0
중구 은행동,39,192,88,185,322,100,368,1,1129,607,991,56,70,1547,699,431,386,445,123,359,3,1,0,0,0,1,0,4,0,1,0,0,0,0,0,186,13,0,161,0,0,0,0,1,4,174,647,309,446,444,232,0,71,103,285,0,0,591,348,445,510,198,71,15,0,0,0,0,0,0,0,205,92,310,109,205,394,295,95,113,453,973,191,93,67,253,1,0,0,0,1,0,0,0,0,0,1,90,30,13,5,9,5,6,0,0,0,1,188,30,14,28,27,7,39,6,22,38,18,91,35,9,25,6,68,11,0,3,0,17,2,4,1,0,1,0,12,15,58,4,6,13,15,33,35,0,0,0,0,0,0,399,134,53,9,11,17,370,210,341,227,45,21,5,6,29,9,13,4,0,0,0,0,0,0,1,46
중구 선화동,107,250,60,110,230,67,278,3,418,376,425,61,213,1229,859,502,426,616,563,1214,0,1,2,0,0,0,0,2,1,0,0,0,0,0,0,109,19,0,77,0,1,20,0,1,0,688,1246,607,934,1609,272,0,50,88,468,0,0,1305,596,857,1012,333,69,15,0,0,2,0,0,0,0,274,170,422,131,468,942,576,175,189,683,1977,419,131,79,358,0,1,0,1,0,0,0,0,0,0,2,144,82,20,18,11,5,13,0,0,0,0,418,68,17,72,58,18,80,3,47,78,33,77,23,9,28,4,125,26,0,3,1,17,3,0,1,0,0,0,27,12,69,4,4,17,14,65,21,0,0,0,0,0,0,565,164,42,4,27,9,290,235,502,243,36,15,25,23,16,7,29,1,0,0,0,0,0,0,1,32
중구 목동,25,19,8,25,37,18,47,0,55,56,72,5,27,298,213,143,135,230,130,450,1,0,0,0,0,0,0,0,0,0,0,0,0,0,0,22,2,0,18,0,0,9,0,0,0,288,516,176,203,525,30,0,11,12,201,0,0,707,359,287,423,86,13,5,0,0,0,0,0,0,0,111,81,170,26,198,654,197,75,97,275,1304,161,61,53,98,0,0,0,0,0,0,0,0,0,0,0,67,16,6,2,9,6,5,0,0,0,1,137,12,11,37,42,3,25,1,33,28,19,38,16,8,6,2,30,4,0,6,0,5,0,0,2,0,0,0,10,4,34,4,2,25,10,39,8,0,0,0,0,0,0,267,52,45,2,5,2,105,98,161,58,5,7,0,3,3,4,1,1,0,0,0,0,0,0,0,12
중구 중촌동,28,52,27,23,49,24,81,1,88,90,139,16,37,397,333,173,244,262,198,461,0,0,0,0,0,0,0,0,0,0,0,0,0,0,0,39,4,0,19,0,0,4,0,1,0,324,719,315,1234,604,64,0,8,31,230,0,0,585,377,310,244,76,17,8,0,0,0,0,0,0,0,67,98,247,40,265,917,344,87,85,376,1243,313,45,36,90,0,0,1,0,0,0,0,0,0,0,2,125,22,5,9,6,3,9,0,0,0,0,213,13,15,31,22,4,25,2,30,62,28,51,39,17,16,6,72,26,0,2,1,7,0,2,0,0,0,0,21,12,41,3,4,28,8,41,12,0,0,0,0,0,0,421,131,37,2,14,9,177,124,340,123,8,8,3,4,10,15,4,1,0,0,0,0,0,0,1,22
중구 대흥동,269,475,226,472,815,222,918,13,1583,1038,1439,239,192,2105,1244,591,575,707,1009,1508,1,6,1,0,0,0,0,15,4,5,2,0,0,0,0,397,32,2,334,1,0,31,1,2,2,467,1687,597,818,1940,706,0,185,280,1038,0,0,1524,988,1422,1925,704,182,35,0,0,0,0,0,0,0,476,292,744,260,570,1089,785,231,237,972,2295,590,242,224,685,1,0,0,1,0,0,0,0,0,0,4,167,113,27,27,22,3,24,0,0,0,0,574,92,39,88,82,13,89,1,61,127,36,133,60,17,32,8,116,14,0,5,0,21,3,2,11,1,0,0,34,27,107,14,18,33,28,81,58,0,0,0,0,0,0,558,116,77,15,20,28,523,439,526,406,77,39,13,24,35,16,27,1,0,0,0,0,0,0,0,69
중구 문창동,114,135,50,154,460,111,375,2,303,221,172,52,44,282,165,82,71,98,311,252,2,0,0,0,0,0,0,1,0,0,1,0,0,0,0,110,21,0,83,0,0,4,4,2,1,240,249,48,110,692,226,0,110,105,254,0,0,157,129,148,227,87,22,3,0,0,0,0,0,0,0,42,29,66,20,51,98,71,27,14,96,253,82,26,31,56,2,1,0,0,0,0,0,0,0,0,0,14,14,0,2,1,0,2,0,0,0,0,71,14,3,6,9,1,12,0,7,12,5,7,4,2,5,0,29,0,0,1,1,3,0,0,0,0,0,0,3,5,12,1,5,1,2,15,2,0,0,0,0,0,0,72,11,8,1,2,2,80,60,104,54,5,2,1,7,3,2,1,0,0,0,0,0,0,0,0,6
중구 석교동,37,58,43,44,546,25,136,0,109,69,55,8,19,122,85,48,37,25,90,58,0,0,0,0,0,0,0,2,0,0,0,0,0,0,0,80,10,6,84,0,0,11,1,2,2,176,130,19,22,451,173,0,62,139,191,0,0,78,38,71,135,39,7,1,0,0,0,0,0,0,0,37,9,36,10,22,70,41,14,16,32,149,24,11,4,24,0,0,0,0,0,0,0,0,0,0,0,6,3,0,0,0,0,1,0,0,0,0,30,5,0,8,2,1,5,1,1,5,1,1,0,3,1,0,3,0,0,0,0,0,0,0,0,0,0,0,6,0,1,0,0,1,6,1,2,0,0,0,0,0,0,35,6,4,2,1,2,32,12,39,17,2,1,0,0,1,1,0,0,0,0,0,0,0,0,0,8
중구 호동,12,33,24,23,86,16,58,12,49,25,28,1,4,41,14,22,4,14,43,20,0,0,0,0,0,0,0,0,0,0,0,0,0,0,0,51,9,1,28,0,0,8,1,7,0,67,42,16,13,141,101,0,25,25,50,0,0,47,12,14,38,5,1,0,0,0,0,0,0,0,0,8,9,7,10,20,33,8,5,5,17,51,13,5,2,10,0,0,0,0,0,0,0,0,0,0,0,6,1,0,0,0,0,0,0,0,0,0,3,2,0,3,0,0,1,0,1,0,0,1,1,0,1,0,0,10,0,0,0,0,0,0,0,0,0,0,0,0,0,1,1,1,3,1,0,0,0,0,0,0,0,13,4,2,0,3,1,8,7,10,8,0,0,0,1,0,0,2,0,0,0,0,0,0,0,0,0
중구 옥계동,16,31,29,51,317,13,109,0,65,42,42,0,5,52,55,19,18,30,45,34,0,1,0,0,0,0,0,3,0,0,0,0,0,0,0,125,29,12,35,0,0,19,0,3,4,59,62,6,24,191,108,0,19,62,67,0,0,64,20,42,60,29,8,4,0,0,0,0,0,1,0,7,6,20,4,15,24,28,8,10,40,63,19,10,5,10,0,0,0,0,0,0,0,0,0,0,0,4,6,1,0,0,0,1,0,0,0,0,15,0,0,1,1,1,2,0,1,0,0,0,0,0,0,0,3,2,0,0,0,0,0,2,0,0,0,0,0,0,2,0,2,3,1,0,0,0,0,0,0,0,0,17,5,3,2,0,5,7,9,20,13,0,0,0,0,0,1,0,0,0,0,0,0,0,0,0,10
중구 대사동,67,101,33,74,195,45,191,3,156,115,104,25,21,314,182,88,70,113,239,564,1,0,0,0,0,0,0,0,0,0,1,0,0,0,0,58,21,1,43,0,0,4,0,0,3,258,321,115,170,689,143,0,35,47,399,0,0,538,309,396,774,234,43,38,1,0,0,0,0,0,0,200,89,220,63,121,223,150,56,67,240,583,138,63,37,172,0,0,0,0,1,0,0,0,0,0,1,52,30,6,10,2,1,2,0,0,0,1,119,18,7,25,22,2,19,1,23,37,9,40,13,7,16,4,26,1,0,1,0,10,0,0,0,0,0,0,14,5,34,4,3,10,13,29,12,0,0,0,0,0,0,117,19,15,0,8,5,87,82,85,62,16,2,0,0,9,2,1,0,0,0,0,0,0,0,0,20
중구 부사동,45,130,44,88,495,91,168,1,190,140,85,7,12,170,89,62,50,69,177,109,1,0,0,0,0,0,0,2,0,0,0,0,0,0,0,157,20,1,132,0,0,7,6,2,4,233,229,40,65,672,145,0,151,216,261,0,0,184,81,148,286,81,37,2,0,0,0,0,0,0,1,61,32,63,15,60,98,57,25,34,92,187,39,31,7,62,0,0,0,1,0,0,0,0,0,0,1,21,4,0,4,1,0,2,0,0,0,0,34,9,1,12,9,1,8,0,5,7,3,14,2,1,3,0,7,1,0,0,0,2,0,1,0,0,0,0,1,6,5,0,0,2,2,7,2,0,0,0,0,0,0,42,23,8,2,6,2,30,44,80,42,2,0,0,0,2,1,1,0,0,0,0,0,0,0,0,3
중구 용두동,28,25,12,30,67,31,44,1,96,52,109,16,16,376,205,129,130,200,93,349,0,0,0,0,0,0,0,0,0,0,0,0,0,0,0,14,3,0,18,0,0,0,0,0,1,281,426,376,502,583,48,0,7,30,297,0,0,490,403,364,385,103,43,8,0,0,0,0,0,0,0,84,102,189,55,287,747,434,130,116,479,1384,268,52,46,128,0,0,0,1,0,0,0,0,0,0,2,72,10,6,4,3,14,8,0,0,0,0,235,25,15,42,35,0,28,0,36,34,27,89,26,3,13,3,29,22,0,2,1,9,0,2,1,0,0,0,48,13,83,4,4,6,7,27,10,0,0,0,0,0,0,200,37,13,1,2,2,107,90,157,53,10,4,7,2,4,5,1,0,0,0,0,0,0,0,0,15
중구 오류동,37,104,43,80,171,52,158,2,290,167,266,34,60,511,319,182,191,188,93,770,0,0,0,0,0,0,0,1,0,0,0,0,0,0,0,67,8,0,76,0,0,4,0,1,2,288,750,474,447,1166,95,0,37,77,650,0,0,915,1328,1501,1673,781,168,50,0,0,0,0,1,0,0,724,363,1158,363,506,895,721,304,386,885,1862,473,293,311,885,3,1,2,4,1,0,0,0,0,0,2,137,111,17,43,28,4,16,0,0,3,0,500,52,33,153,60,7,83,6,43,84,47,133,92,22,57,7,88,26,1,5,0,20,3,4,10,2,1,1,22,19,88,9,6,32,8,65,22,0,0,0,0,0,0,247,39,33,6,3,7,168,130,202,98,17,10,6,17,15,3,12,0,0,0,0,0,0,0,0,34
중구 태평동,29,50,31,28,67,24,97,0,104,86,152,16,24,393,227,129,142,186,107,632,0,3,0,0,0,0,0,4,0,0,0,0,0,0,0,29,4,1,26,0,0,5,0,0,1,307,537,356,421,906,101,0,9,19,420,0,0,1137,954,1224,1219,637,168,65,1,0,2,0,1,0,1,561,616,1068,254,586,1317,851,355,545,900,2385,559,266,243,593,4,0,1,3,0,0,0,0,0,0,4,138,80,21,20,17,10,21,0,0,0,0,565,58,46,143,92,9,65,0,43,118,47,109,33,8,22,7,82,9,0,5,0,18,0,1,3,0,0,1,22,15,70,7,19,24,17,43,22,0,0,0,0,0,1,273,64,16,1,12,6,170,99,205,81,13,4,2,12,6,2,5,0,1,0,0,0,0,0,0,13
중구 유천동,46,96,29,51,148,22,199,2,191,124,171,15,27,427,301,173,166,160,64,504,1,2,0,0,0,0,0,0,3,0,2,0,0,0,0,63,11,0,57,0,0,6,0,0,2,376,713,327,381,1197,121,0,19,63,542,0,0,1097,1201,1712,1935,1113,319,133,0,0,1,2,5,0,1,820,704,1516,440,536,1016,844,352,383,864,1704,433,382,206,917,8,1,1,0,3,0,0,1,0,1,10,108,135,26,34,38,3,22,1,0,0,2,477,66,19,148,74,15,59,2,25,70,31,55,27,3,18,2,47,9,0,3,0,16,1,1,5,0,1,1,29,19,56,2,3,14,8,53,26,0,0,1,0,0,0,210,71,39,12,9,5,159,117,195,96,15,9,5,15,21,9,2,2,0,0,0,0,0,0,0,20
중구 문화동,88,112,52,63,215,41,229,1,259,156,183,37,60,495,258,141,133,243,134,1072,0,1,0,0,0,0,0,1,1,0,0,0,0,0,0,81,14,1,78,0,0,9,0,1,1,506,692,347,320,1494,196,0,35,72,841,0,0,1291,920,1407,2080,880,252,96,0,1,2,2,3,0,0,697,219,634,215,278,642,386,125,178,462,1571,255,189,134,413,0,0,0,0,0,0,0,0,0,1,1,118,61,8,32,23,14,7,0,0,2,0,273,40,9,86,33,6,37,0,20,35,24,85,44,25,18,8,67,12,0,15,0,10,2,0,0,0,0,0,11,3,54,2,6,19,6,37,15,0,0,0,0,0,0,192,46,18,2,4,7,120,98,138,87,5,6,5,13,10,5,4,2,0,0,0,0,0,1,0,21
중구 산성동,15,45,35,15,48,7,76,1,43,57,54,9,6,176,107,58,30,75,50,246,0,1,0,0,0,0,0,0,0,0,0,0,0,0,0,19,2,0,13,0,0,4,0,0,0,138,265,67,95,511,42,0,7,25,361,0,0,533,464,935,1127,647,325,222,2,1,4,6,9,1,2,673,254,713,316,153,256,261,116,120,244,562,143,201,58,389,2,2,0,0,4,0,0,0,0,1,7,39,72,10,31,11,3,4,1,0,0,1,181,19,8,69,19,6,22,0,12,26,4,23,5,3,3,0,10,10,0,7,0,4,1,0,0,0,0,0,5,3,10,0,3,16,5,14,9,0,0,0,0,0,0,51,31,17,4,5,1,36,24,84,30,3,13,5,5,2,3,5,0,0,0,0,0,0,0,0,2
중구 사정동,8,6,3,6,14,1,9,0,9,9,14,2,1,46,26,8,10,11,12,74,0,0,0,0,0,0,0,0,0,0,0,0,0,0,0,10,2,0,3,0,0,1,0,0,0,33,72,14,20,111,16,0,1,4,55,0,0,89,131,224,272,241,58,47,1,0,3,3,4,0,0,166,48,195,85,21,71,60,48,36,57,131,37,62,19,89,1,0,0,0,1,0,0,0,0,0,0,11,23,9,4,2,1,3,0,0,0,0,50,6,0,12,4,1,6,0,2,5,3,7,2,0,2,0,2,3,0,0,0,2,0,0,0,0,0,0,1,0,5,0,0,0,0,4,1,0,0,0,0,0,0,22,3,2,1,0,1,15,6,21,9,0,0,2,0,0,0,0,0,0,0,0,0,0,0,0,2
중구 안영동,2,2,0,0,1,0,3,0,6,2,5,2,1,7,6,2,3,2,0,22,0,0,0,0,0,0,0,0,0,0,0,0,0,0,0,4,0,0,5,0,0,0,0,0,0,8,9,4,2,24,1,0,0,0,9,0,0,11,24,61,41,89,21,20,0,1,0,0,0,0,0,84,10,40,18,10,9,12,6,12,16,34,6,13,4,15,0,0,0,0,0,0,0,0,0,0,2,4,6,0,2,2,1,1,0,0,0,0,5,2,0,0,0,1,0,0,0,1,0,1,2,1,0,0,0,0,0,0,0,0,0,0,0,0,0,0,1,0,0,0,0,0,0,2,0,0,0,0,0,0,0,3,1,0,1,0,0,1,0,4,0,0,0,0,0,0,0,0,0,0,0,0,0,0,0,0,0
중구 무수동,0,0,0,0,0,0,0,0,0,0,0,0,0,0,0,0,0,0,0,0,0,0,0,0,0,0,0,0,0,0,0,0,0,0,0,0,0,0,0,0,0,0,0,0,0,0,0,0,0,0,0,0,0,0,0,0,0,0,0,0,0,0,0,0,0,0,0,0,0,0,0,1,0,0,0,0,0,0,0,0,0,0,0,0,0,0,0,0,0,0,0,0,0,0,0,0,0,0,0,0,0,0,0,0,0,0,0,0,0,0,0,0,0,0,0,0,0,0,0,0,0,0,0,0,0,0,0,0,0,0,0,0,0,0,0,0,0,0,0,0,0,0,0,0,0,0,0,0,0,0,0,0,0,0,0,0,0,0,0,0,0,0,0,0,0,0,0,0,0,0,0,0,0,0,0,0,0
중구 침산동,0,0,0,0,0,0,0,0,0,0,0,0,0,0,0,0,0,0,0,0,0,0,0,0,0,0,0,0,0,0,0,0,0,0,0,0,0,0,0,0,0,0,0,0,0,0,1,0,0,0,0,0,0,0,0,0,0,0,0,0,1,0,0,0,0,0,1,0,0,0,0,0,0,0,0,0,0,0,0,0,1,0,0,0,0,0,0,0,0,0,0,0,0,0,0,0,0,0,0,0,0,0,0,0,0,0,0,0,0,0,0,0,0,0,0,0,0,0,0,1,0,0,0,0,0,0,0,0,0,0,0,0,0,0,0,0,0,0,0,0,0,0,0,0,0,0,0,0,0,0,0,0,0,0,0,0,0,0,0,1,0,0,0,0,0,0,0,0,0,0,0,0,0,0,0,0,0
중구 목달동,0,0,0,0,0,0,0,0,0,0,0,0,0,0,0,0,0,0,0,0,0,0,0,0,0,0,0,0,0,0,0,0,0,0,0,0,0,0,0,0,0,0,0,0,0,0,1,0,0,0,0,0,0,0,0,0,0,0,0,0,0,0,0,0,0,0,0,0,0,0,0,0,0,0,1,0,0,0,0,0,0,0,0,0,0,0,0,0,0,0,0,0,0,0,0,0,0,0,0,0,0,0,0,0,0,0,0,0,0,0,0,0,0,0,0,0,0,0,0,0,0,0,0,0,0,0,0,0,0,0,0,0,0,0,0,0,0,0,0,0,0,0,0,0,0,0,0,0,0,0,0,0,0,0,0,0,0,0,0,0,0,0,0,0,0,0,0,0,0,0,0,0,0,0,0,0,0
중구 정생동,0,0,0,0,0,0,0,0,0,0,0,0,0,0,0,0,0,0,0,0,0,0,0,0,0,0,0,0,0,0,0,0,0,0,0,0,0,0,0,0,0,0,0,0,0,0,0,0,0,0,0,0,0,0,0,0,0,0,0,0,0,0,1,0,0,0,0,1,1,0,0,0,0,0,0,0,0,0,0,0,0,0,0,0,0,0,0,0,0,0,0,0,0,0,0,0,0,0,0,0,0,0,0,0,0,0,0,0,0,0,0,0,0,0,0,0,0,0,0,0,0,0,0,0,0,0,0,0,0,0,0,0,0,0,0,0,0,0,0,0,0,0,0,0,0,0,0,0,0,0,0,0,0,0,0,0,0,0,0,0,0,0,0,0,0,0,0,0,0,0,0,0,0,0,0,0,0
중구 금동,0,0,0,0,0,0,0,0,0,0,0,0,1,0,0,0,0,0,0,0,0,0,0,0,0,0,0,0,0,0,0,0,0,0,0,0,0,0,0,0,0,0,0,0,0,0,0,0,0,0,0,0,0,0,0,0,0,0,0,0,0,0,0,0,0,0,0,0,0,0,5,0,0,0,0,0,0,0,0,0,0,0,0,0,0,0,0,0,0,0,0,0,0,0,0,0,0,0,0,0,0,0,0,0,0,0,0,0,0,0,0,0,0,0,0,0,0,0,0,0,0,0,0,0,0,0,0,0,0,0,0,0,0,0,0,0,0,0,0,0,0,0,0,0,0,0,0,0,0,0,0,0,0,0,0,0,0,0,0,0,0,0,0,0,0,0,0,0,0,0,0,0,0,0,0,0,0
서구 복수동,8,18,9,7,29,9,25,0,39,29,48,5,6,129,124,39,30,22,49,324,0,0,0,0,0,0,0,1,0,0,0,0,0,0,0,13,1,0,14,0,0,2,0,0,1,144,153,61,75,331,17,0,6,7,244,0,0,288,378,820,644,571,171,150,1,0,1,1,1,0,1,1083,234,937,522,186,275,288,121,119,314,931,148,464,144,722,5,0,0,0,0,0,0,0,0,0,1,64,88,7,27,16,8,9,1,0,0,0,228,20,24,68,20,2,48,3,9,34,28,41,9,2,28,1,12,4,0,1,0,8,0,0,2,0,0,0,23,8,22,1,1,15,2,13,8,0,0,0,0,0,0,52,28,1,0,3,0,40,26,51,24,2,2,7,1,5,1,3,0,0,0,0,0,0,0,0,8
서구 변동,16,18,2,12,31,10,32,0,35,30,29,6,3,157,117,46,57,53,41,222,0,0,0,0,1,0,0,1,0,0,0,0,0,0,0,9,4,0,17,0,0,0,0,1,0,91,149,86,139,227,39,0,3,11,135,0,0,303,574,637,223,253,51,19,0,0,0,1,0,0,0,283,612,1031,184,441,620,960,247,397,809,1334,422,140,143,345,10,1,0,1,0,0,0,0,0,0,3,92,78,5,24,29,14,6,0,0,0,0,376,64,20,143,57,6,62,1,12,42,17,49,11,6,14,6,30,15,0,1,0,6,0,2,0,0,0,0,28,10,21,2,3,11,2,23,5,0,0,0,0,0,0,124,41,17,0,17,1,39,45,104,48,5,4,4,2,2,10,2,0,0,0,0,0,0,0,0,12
서구 도마동,31,34,17,19,56,16,75,0,68,63,99,4,17,345,203,130,73,134,86,716,2,0,0,0,0,1,0,0,0,0,0,0,0,0,0,27,3,0,24,0,0,3,0,0,1,226,319,153,239,503,60,0,5,11,271,0,0,665,877,1675,783,702,205,80,0,1,0,1,2,0,0,1131,1116,2854,773,503,1032,1430,373,743,1265,2813,632,630,317,1339,9,1,1,2,1,1,0,0,0,2,16,166,193,49,106,57,23,35,2,1,0,2,625,78,38,199,88,11,89,4,33,78,30,139,52,9,45,7,93,11,1,7,0,36,2,5,1,0,0,1,39,25,56,4,1,30,14,69,18,0,0,0,0,0,0,172,45,13,3,5,2,67,65,153,51,24,6,4,5,7,6,3,0,0,0,0,0,0,0,0,31
서구 정림동,7,9,3,4,18,10,20,0,19,14,18,2,4,72,35,21,25,31,18,180,0,0,0,0,0,0,0,0,0,0,0,0,0,0,0,4,2,0,3,0,0,0,0,0,0,69,45,33,26,147,12,0,6,4,84,0,0,203,200,438,247,274,89,31,0,0,1,1,0,0,0,594,193,782,289,99,192,195,58,100,317,445,125,599,227,1139,8,0,2,2,0,0,1,0,0,0,21,40,138,29,52,9,5,11,0,0,0,5,234,12,16,72,45,13,41,0,14,31,22,29,5,1,5,0,11,2,0,0,0,10,0,0,0,0,0,0,9,2,10,2,2,10,2,13,11,0,0,0,0,0,0,37,10,3,0,1,2,25,19,29,11,1,1,1,0,3,4,2,1,0,0,0,0,0,0,0,3
서구 용문동,12,41,15,30,38,17,74,0,72,40,88,7,25,333,315,112,102,167,57,313,0,0,0,0,0,0,0,0,0,0,0,0,0,0,0,22,5,1,22,0,0,3,0,0,0,210,432,262,322,530,51,0,14,19,187,0,0,701,556,488,376,168,46,19,0,0,2,0,0,0,0,222,513,672,135,481,1416,922,255,429,1266,2857,617,156,113,285,16,0,0,0,0,0,0,0,0,0,4,203,28,8,45,13,6,9,0,0,0,1,586,59,29,84,58,5,92,0,44,93,41,76,26,9,24,5,85,20,0,3,0,9,0,0,5,0,0,2,34,22,71,5,6,64,12,70,25,0,0,0,0,0,0,321,96,63,6,3,2,120,99,271,77,21,18,7,36,12,7,15,1,0,0,0,0,0,0,0,26
서구 탄방동,45,80,37,76,150,40,193,4,230,157,238,22,40,541,1034,255,411,443,661,974,1,1,0,0,0,0,0,2,0,0,0,0,0,0,0,62,7,0,70,0,0,4,0,3,3,408,890,661,852,871,105,0,19,32,334,0,0,1412,1076,759,795,278,68,17,0,0,2,0,0,0,0,391,658,1095,256,1211,3438,2522,598,967,3899,10496,2272,290,423,668,1,1,0,1,0,0,1,0,0,0,4,891,100,52,50,52,23,66,0,0,0,0,1913,275,98,374,348,19,278,1,163,395,148,452,212,47,190,50,449,72,0,19,3,60,5,11,14,7,1,1,136,90,284,24,29,101,51,225,111,0,0,0,0,1,0,911,193,71,13,12,25,451,358,672,202,74,39,13,15,41,28,29,0,0,0,0,0,0,0,0,53
서구 괴정동,17,63,19,42,128,30,126,1,149,115,160,10,23,460,530,175,187,176,166,619,0,0,0,0,1,0,0,0,1,1,0,0,0,0,0,71,4,0,37,0,0,1,0,0,1,301,578,308,418,754,82,0,16,35,228,0,0,1067,970,878,649,317,79,23,0,0,0,0,0,1,0,400,1004,1554,314,903,2751,2230,524,1072,3949,7345,1839,255,337,601,6,0,0,0,0,0,0,0,0,0,1,395,109,28,71,59,21,33,0,0,0,0,1727,202,71,286,133,19,281,2,102,220,115,250,72,41,96,12,122,16,0,4,1,45,1,6,6,0,0,1,76,49,107,5,22,53,34,128,83,0,0,0,0,1,0,438,124,57,13,7,11,222,170,387,111,49,23,10,71,38,12,8,0,0,0,0,0,0,0,0,58
서구 가장동,3,11,6,10,26,11,29,0,24,20,27,3,6,86,73,56,27,47,23,129,1,0,0,0,0,0,0,0,0,0,1,0,0,0,0,9,0,0,5,0,0,0,0,0,0,56,171,118,92,172,8,0,5,8,64,0,0,279,335,285,152,122,62,18,0,0,0,0,0,0,0,153,269,401,74,235,557,506,145,208,527,970,228,65,79,171,0,0,0,0,0,0,0,0,0,0,0,57,29,3,14,8,3,5,0,0,0,1,194,22,5,53,25,7,32,0,22,37,15,46,10,4,8,1,35,3,0,2,0,2,0,1,2,0,0,0,10,3,26,9,3,8,5,12,7,0,0,0,0,0,0,112,13,10,3,2,0,70,33,77,17,9,3,3,8,2,4,2,0,0,0,0,0,0,0,0,12
서구 내동,14,6,9,3,22,6,19,0,31,12,31,8,9,87,98,42,24,56,36,198,0,0,0,0,0,0,0,0,0,0,0,0,0,0,0,6,1,0,5,0,0,0,0,0,0,70,108,75,66,142,6,0,2,2,76,0,0,259,352,257,165,109,39,23,0,0,0,0,1,0,0,141,388,672,126,264,728,865,158,377,1110,2028,504,129,249,276,0,0,0,0,0,0,0,0,0,0,6,132,34,7,65,33,5,18,0,0,2,0,551,47,36,213,78,7,75,0,37,68,42,71,30,19,39,15,66,15,1,6,0,19,1,2,1,0,0,0,24,16,32,2,7,11,6,45,30,0,0,0,0,0,0,72,17,3,1,3,5,35,28,74,28,8,2,4,9,1,1,0,1,0,0,0,0,0,0,0,6
서구 갈마동,12,65,34,30,104,33,120,0,156,108,168,13,17,339,902,182,196,189,277,891,0,2,0,0,0,0,0,1,0,1,0,0,0,0,0,68,6,0,44,0,1,4,1,1,0,472,587,317,381,750,77,0,16,42,290,0,0,1211,906,740,629,339,96,42,0,0,0,0,0,0,0,450,979,1634,444,1194,4115,3805,693,1576,4828,10787,4589,451,796,997,1,1,1,0,2,0,0,0,0,0,8,971,211,48,226,93,24,96,0,0,0,1,4523,397,188,735,381,42,604,24,222,550,226,641,246,150,203,44,337,126,1,41,2,115,3,5,17,0,1,1,184,91,228,22,33,137,60,238,146,0,0,0,0,1,0,557,315,46,14,19,11,285,219,480,146,62,41,45,101,53,25,13,1,0,0,0,0,0,0,1,109
서구 둔산동,53,216,98,184,354,102,457,2,828,430,966,80,146,1341,3038,489,926,853,2490,2572,1,17,0,0,1,0,0,6,1,1,1,0,0,0,0,159,22,1,184,0,1,9,0,1,0,708,1520,1263,1264,1861,206,0,66,84,700,0,0,2334,2403,1464,1904,675,198,51,0,0,1,0,1,0,0,1326,1369,3085,621,2286,9087,6399,1132,2535,10210,21578,8427,778,1622,2332,7,1,2,1,1,0,0,0,0,0,3,3492,339,136,131,146,57,198,0,0,0,2,6977,712,460,1326,954,72,1169,15,633,1521,738,1912,1317,414,828,281,1982,475,4,130,15,292,16,25,62,8,4,7,595,465,1475,161,72,365,240,1131,476,0,0,0,0,0,1,2440,563,285,42,60,106,1482,1152,1903,563,251,139,26,66,186,82,167,13,1,0,0,0,0,1,9,285
서구 월평동,19,69,32,33,69,24,103,1,130,72,140,16,32,279,706,111,218,185,493,573,0,1,0,0,0,0,0,1,0,1,0,0,0,0,0,24,0,0,24,0,1,6,0,1,1,185,370,200,332,460,49,0,15,12,235,0,0,473,508,389,380,167,57,16,8,0,0,0,0,1,0,263,479,714,168,581,2183,1684,265,732,4826,8036,3397,348,479,695,1,1,0,1,0,1,0,0,1,0,8,1159,134,40,145,64,30,111,0,1,0,5,4441,461,175,660,466,47,835,7,293,684,375,1158,856,590,326,106,603,124,1,38,10,175,5,22,23,2,1,3,287,146,342,24,36,105,61,276,173,0,0,0,0,0,0,506,131,60,12,21,25,313,220,514,112,73,34,9,59,38,28,24,5,0,0,0,0,0,0,1,74
서구 가수원동,8,13,5,6,21,9,50,0,24,23,27,3,6,80,67,28,21,28,18,215,0,0,0,0,0,0,0,0,0,0,0,0,0,0,0,9,0,0,8,0,0,0,1,0,2,65,87,45,52,185,12,0,4,4,69,0,0,137,240,463,220,246,71,23,0,0,0,0,0,0,0,503,100,672,599,122,231,213,67,124,376,679,302,397,800,2509,25,2,3,16,5,3,1,0,0,3,19,71,386,92,116,21,12,30,3,0,0,3,617,86,51,263,162,14,135,1,29,73,31,77,29,7,17,13,27,5,0,0,0,11,0,1,2,0,0,0,23,7,17,0,2,10,7,28,21,0,0,0,0,0,0,43,14,2,0,1,1,36,26,36,12,5,6,0,1,0,2,8,0,0,0,0,0,0,0,0,8
서구 도안동,2,2,2,5,14,3,12,0,22,15,22,4,5,80,66,38,15,21,48,277,1,0,0,0,0,0,0,0,0,0,0,0,0,0,0,9,1,0,7,0,0,0,0,0,0,52,67,35,42,128,12,0,1,7,52,0,0,242,181,205,110,70,11,9,1,0,0,0,0,0,0,146,169,286,198,60,345,338,63,224,546,1236,431,631,636,1113,1,0,0,2,1,0,0,0,0,1,0,105,115,45,58,50,14,49,0,0,0,0,1647,155,82,412,292,24,259,2,63,120,39,226,48,11,25,6,46,10,0,0,0,10,0,2,2,0,0,0,42,6,40,0,1,9,3,28,23,0,0,0,0,0,0,65,13,6,1,1,8,42,30,40,13,10,6,2,1,1,4,2,0,0,0,0,0,0,0,0,3
서구 관저동,14,45,9,17,62,14,65,2,80,46,86,12,12,228,162,58,64,70,75,856,0,2,0,0,0,0,0,0,0,0,1,0,0,0,0,38,2,0,24,0,0,2,0,0,0,188,255,91,102,438,43,0,17,10,212,0,0,384,484,1144,538,405,132,22,0,0,3,0,0,0,0,1007,313,1277,1127,257,608,522,155,322,843,1821,584,2604,1266,6405,28,16,3,4,2,3,1,0,1,0,21,139,1879,531,805,79,43,124,9,5,1,32,1642,221,165,469,211,59,322,3,141,196,95,256,95,13,48,15,48,7,0,7,0,27,1,5,12,0,0,0,95,9,52,3,5,17,9,67,27,0,0,0,1,0,0,110,33,23,9,8,7,87,57,108,38,10,5,7,2,7,4,7,0,0,0,0,0,0,0,0,11
서구 흑석동,0,0,0,0,0,0,0,0,0,0,0,0,0,0,0,0,0,0,0,0,0,0,0,0,0,0,0,0,0,0,0,0,0,0,0,0,0,0,0,0,0,0,0,0,0,0,1,0,0,1,0,0,0,0,0,0,0,0,0,0,0,1,0,0,0,0,0,0,0,0,0,0,1,0,0,0,0,0,0,0,1,0,1,2,0,1,1,0,0,0,0,0,0,0,0,0,1,0,0,0,1,0,0,0,0,0,0,0,1,0,0,0,0,0,0,0,0,0,0,0,0,0,0,0,0,0,0,0,0,0,0,0,0,0,0,0,0,0,0,0,0,0,0,0,0,0,0,0,0,0,0,0,0,0,0,0,0,0,0,1,0,0,0,0,0,0,0,0,0,0,0,0,0,0,0,0,1
서구 장안동,0,0,0,1,0,0,0,0,0,0,0,0,0,0,0,0,0,0,0,0,0,0,0,0,0,0,0,0,0,0,0,0,0,0,0,0,0,0,0,0,0,0,0,0,0,0,0,0,0,0,0,0,0,0,0,0,0,0,0,0,0,0,0,0,0,0,0,0,0,0,0,0,0,0,1,0,0,0,0,0,1,0,0,0,0,0,0,0,0,1,0,0,0,0,0,0,1,0,0,0,0,0,0,0,0,0,0,0,1,0,0,1,0,0,0,0,0,0,0,0,0,0,0,0,0,0,0,0,0,0,0,0,0,0,0,0,0,0,0,0,0,0,0,0,0,0,0,0,0,0,0,0,0,0,0,0,0,0,0,0,0,0,0,0,0,0,0,0,0,0,0,0,0,0,0,0,0
서구 평촌동,0,0,0,0,0,0,0,0,0,0,0,0,0,0,0,0,0,0,0,0,0,0,0,0,0,0,0,0,0,0,0,0,0,0,0,0,0,0,0,0,0,0,0,0,0,0,0,0,0,0,0,0,0,0,0,0,0,0,0,0,0,0,1,0,0,0,0,0,0,0,0,0,0,0,0,0,0,0,0,0,0,0,0,0,0,0,0,0,0,0,1,0,0,0,0,0,0,0,0,0,0,0,0,0,0,0,0,0,0,0,0,0,0,0,0,0,0,0,0,0,0,0,0,0,0,0,0,0,0,0,0,0,0,0,0,0,0,0,0,0,0,0,0,0,0,0,0,0,0,0,0,0,0,0,0,0,0,0,0,0,0,0,0,0,0,0,0,0,0,0,0,0,0,0,0,0,0
서구 오동,0,0,0,0,0,0,0,0,0,0,0,0,0,0,1,0,0,0,0,0,0,0,0,0,0,0,0,0,0,0,0,0,0,0,0,0,0,0,0,0,0,0,0,0,0,0,0,0,0,0,0,0,0,0,0,0,0,0,0,0,0,0,0,0,0,0,0,0,0,0,0,0,0,0,0,0,0,0,0,0,0,0,0,0,0,0,0,0,0,0,0,0,0,0,0,0,0,0,0,0,0,0,0,0,0,0,0,0,0,0,0,0,0,0,0,0,0,0,0,0,0,0,0,0,0,0,0,0,0,0,0,0,0,0,0,0,0,0,0,0,0,0,0,0,0,0,0,0,0,0,0,0,1,0,0,0,0,0,0,1,0,0,0,0,0,0,0,0,0,0,0,0,0,0,0,0,0
서구 우명동,0,0,0,0,0,0,0,0,0,0,0,0,0,0,0,0,0,0,0,0,0,0,0,0,0,0,0,0,0,0,0,0,0,0,0,0,0,0,0,0,0,0,0,0,0,0,0,0,0,0,0,0,0,0,0,0,0,0,0,0,0,0,0,0,0,0,0,0,0,0,0,0,0,0,0,0,0,0,0,0,0,0,0,0,0,0,0,0,0,0,0,0,0,0,0,0,0,0,0,0,0,0,0,0,0,0,0,0,0,0,0,0,0,0,0,0,0,0,0,0,0,0,0,0,0,0,0,0,0,1,0,0,0,0,0,0,0,0,0,0,0,0,0,0,0,0,0,0,0,0,0,0,0,0,0,0,0,0,0,0,0,0,0,0,0,0,0,0,0,0,0,0,0,0,0,0,0
서구 원정동,0,0,0,0,0,0,0,0,0,0,0,0,0,0,0,0,0,0,0,0,0,0,0,0,0,0,0,0,0,0,0,0,0,0,0,0,0,0,0,0,0,0,0,0,0,0,0,0,0,0,0,0,0,0,0,0,0,0,0,0,0,0,0,0,0,0,0,0,0,0,0,0,0,0,0,0,0,0,0,0,0,0,0,0,0,0,0,0,0,0,0,0,0,3,0,0,0,0,0,0,0,0,0,0,0,0,0,0,0,0,0,0,0,0,0,0,0,0,0,0,0,0,0,0,0,0,0,0,0,0,0,0,0,0,0,0,0,0,0,0,0,0,0,0,0,0,0,0,0,0,0,0,0,0,0,0,0,0,0,0,0,0,0,0,0,0,0,0,0,0,0,0,0,0,0,0,0
서구 봉곡동,0,0,0,0,0,0,0,0,0,0,0,0,0,0,0,0,0,0,0,0,0,0,0,0,0,0,0,0,0,0,0,0,0,0,0,0,0,0,0,0,0,0,0,0,0,0,0,0,0,0,0,0,0,0,0,0,0,0,0,0,0,0,0,0,0,0,0,0,0,0,0,0,0,0,0,0,0,0,0,0,0,0,0,0,1,0,0,0,0,0,0,0,0,0,0,0,0,0,0,0,0,0,0,0,0,0,0,0,0,0,0,0,0,0,0,0,0,0,0,0,0,0,0,0,0,0,0,0,0,0,0,0,0,0,0,0,0,0,0,0,0,0,0,0,0,0,0,0,0,0,0,0,0,0,0,0,0,0,0,0,0,0,0,0,0,0,0,0,0,0,0,0,0,0,0,0,0
서구 괴곡동,0,0,0,0,0,0,0,0,0,0,1,0,0,1,0,0,0,1,0,2,0,0,0,0,0,0,0,0,0,0,0,0,0,0,0,0,0,0,0,0,0,0,0,0,0,1,0,0,3,2,0,0,0,0,1,0,0,0,0,5,0,1,0,0,0,0,0,0,0,0,0,2,1,11,5,0,1,0,0,0,1,2,2,6,0,4,0,0,0,0,0,0,0,0,0,0,1,0,3,0,0,0,0,0,0,0,0,0,2,1,0,0,0,0,0,0,0,1,0,0,0,0,0,0,0,0,0,0,0,0,0,0,0,0,0,0,0,0,0,0,0,0,0,0,0,0,0,0,0,0,0,1,0,0,0,0,0,0,0,1,0,0,1,0,0,0,0,0,0,0,0,0,0,0,0,0,0
서구 만년동,21,15,9,7,25,7,28,0,34,30,47,1,25,82,282,45,40,57,587,492,0,0,0,0,0,0,0,2,0,0,0,0,0,0,0,11,1,0,27,0,0,0,0,0,0,68,140,98,96,123,11,0,11,8,68,0,0,203,145,74,148,43,26,3,0,0,0,0,0,0,0,58,113,194,41,158,804,368,79,144,942,3533,1141,65,144,216,0,0,0,0,0,0,0,0,0,0,0,396,22,20,11,33,8,44,0,0,0,0,1095,95,38,129,108,10,201,2,78,221,135,493,461,449,129,123,903,82,1,35,6,45,5,4,10,0,1,0,113,156,267,27,27,63,24,168,85,0,0,0,0,21,0,305,90,26,9,8,8,142,99,181,62,41,9,21,9,18,14,5,0,0,0,0,0,0,3,1,28
유성구 원내동,4,5,2,3,4,2,7,0,5,5,15,1,1,21,23,10,6,7,4,75,0,0,0,0,0,0,0,0,0,0,0,0,0,0,0,4,1,0,0,0,0,1,0,0,0,12,53,4,9,55,3,0,0,3,35,0,0,47,53,89,57,61,30,6,0,0,0,0,0,0,0,83,55,135,141,24,77,81,15,43,148,238,89,356,123,1643,3,0,1,0,1,0,0,0,0,0,1,14,193,63,349,22,29,54,19,3,0,14,309,104,44,60,46,27,72,7,34,58,22,49,9,1,6,1,5,2,0,1,0,8,1,4,2,0,0,0,28,2,4,0,1,5,5,13,1,0,0,0,0,0,0,18,4,0,0,2,0,9,3,17,17,3,1,0,8,2,1,0,0,0,0,0,0,0,0,0,7
유성구 교촌동,0,0,1,0,0,0,2,0,3,0,1,0,0,3,4,0,0,0,3,30,0,0,0,0,0,0,0,0,0,0,0,0,0,0,0,1,0,0,0,0,0,0,0,0,0,2,14,4,5,10,0,0,0,0,4,0,0,12,4,12,12,3,2,0,0,0,0,0,0,0,0,10,3,24,30,4,11,19,1,8,26,70,19,44,34,357,0,0,0,0,0,0,0,1,0,0,0,4,55,26,23,12,2,5,0,0,0,3,64,24,9,17,9,4,8,0,8,13,10,15,2,2,6,3,0,11,0,0,0,1,0,0,0,0,0,0,2,1,1,0,1,2,0,1,2,0,0,0,0,0,0,0,1,0,1,0,1,2,2,1,1,0,0,0,0,0,0,1,0,0,0,0,0,0,0,0,2
유성구 대정동,0,0,0,0,2,0,3,0,2,1,9,0,1,7,22,4,3,11,2,46,0,0,0,0,0,0,0,0,0,0,0,0,0,0,0,1,1,0,1,0,0,0,0,0,0,6,19,3,7,13,3,0,0,0,4,0,0,14,29,29,17,27,2,3,0,0,0,0,0,0,0,21,24,95,31,27,18,56,11,34,103,71,90,100,53,515,1,0,0,1,0,0,0,0,0,0,2,5,205,32,47,16,9,24,0,0,0,0,158,104,21,30,22,10,60,1,13,16,10,22,2,1,5,0,3,1,0,0,0,1,0,0,0,0,0,0,15,2,3,0,0,4,1,5,1,0,0,0,0,0,0,2,2,1,1,1,0,4,2,10,1,0,1,0,5,0,1,1,0,0,0,0,0,0,0,0,5
유성구 용계동,0,0,0,1,2,0,0,0,3,3,0,1,3,5,9,3,5,2,6,24,0,0,0,0,0,0,0,0,0,0,0,0,0,0,0,0,0,0,2,0,0,0,0,0,0,3,3,0,2,7,0,0,0,0,1,0,0,8,5,9,5,2,0,0,0,0,0,0,0,0,0,1,21,10,3,8,6,25,4,20,31,59,20,23,36,34,0,0,0,0,0,0,0,0,0,0,0,8,5,2,12,11,4,2,0,0,0,0,135,11,12,12,27,3,21,0,3,8,15,12,4,1,1,0,1,4,0,0,0,2,0,4,0,0,0,0,3,3,17,0,0,0,0,1,1,0,0,0,0,0,0,4,1,0,0,0,0,0,4,3,0,1,0,0,0,0,0,0,0,0,0,0,0,0,0,0,0
유성구 학하동,0,0,0,0,0,0,1,0,3,0,1,0,2,1,2,0,2,0,1,5,0,0,0,0,0,0,0,0,0,0,0,0,0,0,0,0,0,0,1,0,0,0,0,0,0,1,3,0,1,2,1,0,0,0,1,0,0,0,0,4,5,3,0,0,0,0,0,0,0,0,0,1,2,5,8,1,7,9,1,8,18,23,19,9,9,25,0,0,0,0,0,0,0,0,0,0,0,2,17,4,10,4,9,6,0,0,0,0,71,24,14,16,12,3,13,1,6,11,3,9,6,0,7,0,1,1,0,1,0,2,0,0,1,0,1,0,5,1,0,0,1,0,2,3,0,0,0,0,0,0,0,1,1,0,0,0,1,0,1,1,1,1,0,0,0,0,0,0,0,0,0,0,0,0,0,0,0
유성구 계산동,0,0,0,1,7,0,0,0,3,1,0,0,0,2,11,2,2,2,3,17,0,0,0,0,0,0,0,0,0,0,0,0,0,0,0,3,0,0,1,0,0,1,0,0,0,4,5,0,2,10,1,0,0,0,5,0,0,19,15,6,1,4,3,2,0,0,0,0,0,0,0,8,8,11,14,2,38,20,3,15,37,127,41,17,49,80,0,0,0,0,0,0,0,0,0,0,0,26,21,8,23,11,6,21,0,1,1,0,297,90,41,42,43,11,67,1,40,102,13,30,10,0,9,1,3,0,0,0,0,10,0,0,3,0,0,0,30,1,2,1,0,0,3,4,4,0,0,0,0,0,0,8,1,3,0,2,0,11,2,3,1,2,0,0,0,0,0,0,0,0,0,0,0,0,0,0,3
유성구 성북동,0,0,0,0,0,0,0,0,0,0,0,0,0,0,0,0,0,0,0,0,0,0,0,0,0,0,0,0,0,0,0,0,0,0,0,0,0,0,0,0,0,0,0,0,0,0,0,0,0,0,0,0,0,0,0,0,0,0,0,0,0,0,0,0,0,0,0,0,0,0,0,0,0,0,0,0,0,0,0,0,0,0,0,0,0,1,0,0,0,0,0,0,0,0,0,0,0,0,0,0,0,0,0,0,0,0,0,0,0,0,0,0,0,0,0,0,0,0,0,0,0,0,0,0,0,0,0,0,0,0,0,0,0,0,0,0,0,0,0,0,0,0,0,0,0,0,0,0,0,0,0,0,0,0,0,0,0,0,0,0,0,0,0,0,0,0,0,0,0,0,0,0,0,0,0,0,0
유성구 세동,0,0,0,0,0,0,0,0,0,0,0,0,0,0,0,0,0,0,0,0,0,0,0,0,0,0,0,0,0,0,0,0,0,0,0,0,0,0,0,0,0,0,0,0,0,0,0,0,0,0,0,0,0,0,0,0,0,0,0,0,0,0,0,0,0,0,0,0,0,0,0,0,0,0,0,0,0,0,0,0,0,0,0,0,0,1,0,0,0,0,0,0,0,0,0,0,0,0,0,0,0,0,0,0,0,0,0,0,0,0,0,0,0,0,0,0,0,1,0,0,0,0,0,0,0,0,0,0,0,0,0,0,0,0,0,0,0,0,0,0,0,0,0,0,0,0,0,0,0,0,0,0,0,0,0,0,0,0,0,0,0,0,0,0,0,0,0,0,0,0,0,0,0,0,0,0,0
유성구 송정동,0,0,0,0,0,0,0,0,0,0,0,0,0,0,0,0,0,0,0,0,0,0,0,0,0,0,0,0,0,0,0,0,0,0,0,0,0,0,0,0,0,0,0,0,0,0,0,0,0,0,0,0,0,0,0,0,0,0,0,0,0,0,0,0,0,0,0,0,0,0,0,0,0,1,0,0,0,0,0,0,0,0,0,0,0,1,0,0,0,0,0,0,0,0,0,0,0,0,0,0,0,0,0,0,0,0,0,0,0,1,0,0,0,0,1,0,0,0,0,1,0,0,0,0,0,0,0,0,0,0,0,0,0,0,0,0,0,0,0,0,0,0,0,0,0,0,0,0,0,0,0,0,0,0,0,0,0,0,0,0,0,0,0,0,0,0,0,0,0,0,0,0,0,0,0,0,0
유성구 방동,0,0,0,0,0,0,0,0,0,0,0,0,1,0,0,0,0,0,0,0,0,0,0,0,0,0,0,0,0,0,0,0,0,0,0,0,0,0,0,0,0,1,0,0,0,1,0,0,0,0,0,0,0,0,0,0,0,0,0,0,1,0,0,0,0,0,0,0,0,0,0,0,0,1,0,0,0,0,0,0,0,1,0,2,0,24,0,0,0,0,0,0,0,0,0,0,0,0,2,1,0,0,0,0,0,0,1,11,0,0,0,0,0,1,0,0,0,0,0,0,0,0,0,0,0,0,0,0,0,0,0,0,0,0,0,0,0,0,0,0,0,0,0,0,0,0,0,0,0,0,0,0,0,0,0,0,0,0,0,0,0,0,0,0,0,0,0,0,0,0,0,0,0,0,0,0,0
유성구 봉명동,10,56,13,46,82,35,124,1,153,105,149,19,40,288,774,139,232,154,670,876,0,0,0,0,0,0,0,1,0,0,0,0,0,0,0,44,8,0,49,0,0,3,0,0,0,145,466,242,280,477,67,0,13,23,174,0,0,654,655,532,471,233,90,30,0,0,1,0,0,0,0,375,456,857,342,615,2004,1872,241,774,4529,7001,4818,669,2128,1900,4,1,0,3,1,1,0,0,0,0,7,1110,388,132,262,315,164,541,4,0,1,5,8235,1879,826,2585,1688,196,2695,53,1118,2422,1570,3225,1502,716,1093,151,845,293,4,78,21,498,62,113,219,11,9,9,802,170,584,23,28,158,126,531,256,0,0,0,0,0,2,397,125,61,13,27,30,323,282,459,136,126,62,30,72,69,28,26,4,1,0,0,0,0,2,4,133
유성구 구암동,2,2,1,6,4,6,9,0,4,4,12,1,1,32,69,10,16,15,34,53,0,0,0,0,0,0,0,0,0,0,0,0,0,0,0,2,0,0,7,0,0,0,0,0,0,18,38,10,18,70,8,0,0,2,25,0,0,47,36,39,38,25,7,8,0,0,0,0,0,0,0,31,57,65,22,48,256,154,19,60,325,790,330,111,193,199,0,1,1,0,0,0,0,0,0,0,2,93,100,27,132,33,59,149,0,0,0,0,1770,259,365,233,208,95,404,31,185,424,164,352,79,17,57,8,36,37,0,4,0,44,4,18,10,1,1,2,142,5,34,2,2,22,12,36,24,0,0,0,0,0,0,26,14,12,0,4,1,43,18,39,11,14,3,2,3,8,3,4,0,0,0,0,0,0,0,0,12
유성구 덕명동,1,1,0,0,2,1,3,0,2,4,6,1,3,10,32,6,9,4,32,39,1,0,0,0,0,0,0,0,0,0,0,0,0,0,0,6,1,0,3,0,0,2,0,0,0,6,8,15,13,13,0,0,0,0,6,0,0,32,30,14,14,5,1,1,0,0,0,0,0,0,0,29,23,35,6,24,54,51,9,23,159,300,113,39,63,161,0,0,1,0,0,0,0,0,0,0,0,26,49,11,28,25,27,56,0,0,0,0,615,219,153,58,85,42,164,18,147,394,80,171,19,13,34,4,17,14,0,2,0,40,0,1,0,0,0,2,148,5,14,1,3,4,4,26,9,0,0,0,0,0,0,8,3,2,0,2,0,20,6,14,8,8,2,0,1,2,0,0,0,0,0,0,0,0,0,0,3
유성구 원신흥동,4,5,2,0,13,0,11,0,14,7,15,1,3,49,71,17,23,20,55,173,0,0,0,0,0,0,0,0,0,0,0,0,0,0,0,3,2,0,8,0,0,0,0,0,0,20,54,23,28,57,4,0,0,2,28,0,0,112,101,105,80,36,17,5,0,0,0,0,0,0,0,72,91,149,51,75,287,223,38,138,479,1188,550,204,521,366,0,0,0,1,0,0,0,0,0,0,0,118,56,29,68,31,29,64,2,1,0,3,2207,202,59,352,255,30,310,3,73,166,67,337,92,35,49,7,45,14,0,5,0,15,1,4,2,3,0,0,46,5,24,1,1,12,9,37,15,0,0,0,0,0,0,27,15,4,2,2,3,25,23,48,14,12,5,2,7,0,1,1,0,0,0,0,0,0,0,0,12
유성구 상대동,1,1,0,2,3,0,4,0,8,2,8,1,5,22,37,12,12,9,41,120,0,0,0,0,0,0,0,0,0,0,0,0,0,0,0,2,0,0,3,0,0,0,0,0,0,9,31,40,20,58,7,0,2,1,30,0,0,61,68,44,39,15,8,3,0,0,0,0,0,0,0,50,63,90,33,34,237,86,19,78,250,802,299,145,362,244,0,0,0,0,0,0,0,0,0,0,0,85,51,16,35,65,21,48,0,0,1,0,1394,124,83,306,91,24,365,3,79,150,78,246,44,23,39,8,42,9,0,2,1,24,6,2,4,0,1,0,49,13,35,1,7,17,2,30,12,0,0,0,0,0,1,45,19,8,0,1,6,18,6,32,9,10,2,2,3,4,3,0,0,0,0,0,0,0,0,0,10
유성구 복용동,1,0,0,0,2,0,0,0,2,0,0,0,0,1,7,0,2,2,5,10,0,0,0,0,0,0,0,0,0,0,0,0,0,0,0,1,0,0,0,0,0,0,0,0,0,0,5,1,3,1,0,0,0,0,2,0,0,8,3,6,6,0,0,0,0,0,0,0,0,0,0,4,2,2,6,2,16,12,1,4,20,42,45,10,12,46,0,0,0,0,0,0,0,0,0,0,0,1,15,6,7,4,1,15,0,0,0,0,123,39,19,19,15,7,36,0,7,17,4,28,2,0,2,0,7,3,0,0,0,1,0,0,1,0,0,0,10,0,0,0,0,3,0,3,1,0,0,0,0,0,0,4,4,1,0,1,1,0,2,5,2,0,0,0,0,0,3,1,0,0,0,0,0,0,0,0,1
유성구 장대동,6,13,1,1,6,4,17,0,17,11,39,2,4,51,102,11,33,45,95,101,0,0,0,0,0,0,0,0,0,0,0,0,0,0,0,4,2,0,9,0,0,0,0,0,1,33,60,31,32,81,9,0,3,2,24,0,0,96,74,47,56,32,7,7,0,0,0,0,0,0,0,54,94,88,41,93,318,231,28,85,658,1165,895,83,267,289,1,0,0,0,0,0,0,0,0,0,0,197,74,26,67,44,29,105,1,0,0,0,2290,451,240,338,390,61,361,22,391,943,417,791,445,104,317,21,130,81,2,18,2,153,7,25,59,4,4,4,243,25,94,3,7,17,34,103,68,0,0,0,0,2,0,77,9,13,2,1,8,69,52,73,9,15,9,16,14,15,1,2,0,0,0,0,0,0,1,0,12
유성구 갑동,0,0,0,0,0,0,0,0,0,0,0,0,0,1,3,0,0,0,4,10,0,0,0,0,0,0,0,0,0,0,0,0,0,0,0,0,0,0,0,0,0,0,0,0,0,3,1,0,1,1,0,0,0,0,0,0,0,3,1,0,0,0,0,0,0,0,0,0,0,0,0,0,0,1,0,0,4,0,0,1,1,3,5,1,1,2,0,0,0,0,0,1,0,0,0,0,0,2,4,0,0,0,0,1,0,0,0,0,27,9,7,3,2,0,11,3,9,10,1,15,1,1,0,1,2,1,0,0,0,3,0,0,0,0,2,0,0,0,0,1,0,0,0,1,1,0,0,0,0,0,0,1,0,0,0,0,0,1,0,0,1,1,0,0,0,0,0,0,0,0,0,0,0,0,0,0,0
유성구 노은동,3,3,0,0,5,1,4,0,5,3,10,1,5,32,39,6,7,12,47,64,0,0,0,0,0,0,0,0,0,0,0,0,0,0,0,1,0,0,1,0,0,0,0,0,0,6,24,41,20,44,4,0,0,1,26,0,0,44,36,25,22,23,2,0,0,0,0,0,0,0,0,23,11,55,17,26,115,83,8,22,202,488,241,31,50,102,0,0,0,0,0,0,0,0,0,0,0,74,19,10,14,13,15,68,0,0,1,0,888,142,214,89,95,22,398,24,140,641,172,330,87,3,94,14,34,35,1,5,2,94,5,6,14,3,1,6,226,4,68,3,5,13,12,54,24,0,0,0,0,0,0,25,5,3,0,1,2,22,23,52,9,7,3,0,0,0,3,1,1,0,0,0,0,0,0,0,5
유성구 지족동,2,13,0,15,10,3,30,0,14,13,35,6,9,45,86,15,38,33,105,119,0,0,0,0,0,0,0,0,0,0,0,0,0,0,0,3,0,0,7,0,0,0,0,0,0,26,38,39,39,42,7,0,1,3,44,0,0,80,75,36,51,15,1,2,0,0,0,0,0,0,0,34,32,73,35,82,277,159,32,55,431,1141,515,58,152,213,0,0,0,0,0,0,0,0,0,0,2,159,45,14,28,17,28,182,0,0,0,0,1768,369,536,171,154,25,662,38,606,1994,423,666,168,39,347,30,109,81,1,12,3,667,13,20,55,6,16,28,870,39,115,3,19,60,31,140,66,0,0,0,0,0,1,57,33,14,1,11,2,68,49,50,16,28,5,5,9,12,2,4,0,0,0,0,0,0,0,0,26
유성구 죽동,3,7,3,3,5,0,4,0,8,6,14,0,5,11,44,7,6,4,104,141,0,0,0,0,0,0,0,0,0,0,0,0,0,0,0,2,1,0,0,0,0,0,0,0,0,14,20,16,35,37,1,0,1,0,21,0,0,56,22,20,38,3,7,2,0,0,0,0,0,0,0,12,13,21,9,28,161,58,15,20,181,619,294,34,51,94,0,0,0,0,0,0,0,0,0,0,0,100,5,8,12,15,5,18,0,0,1,0,1252,119,69,71,92,10,293,4,129,469,112,405,155,36,211,31,109,38,3,15,17,64,10,35,53,1,1,0,186,22,69,3,7,31,6,88,18,0,0,0,0,0,0,28,11,1,2,0,1,21,17,35,4,23,2,6,4,2,5,6,0,0,0,0,0,0,0,0,16
유성구 궁동,2,9,0,9,16,9,21,0,41,27,50,5,10,58,221,27,43,34,328,313,0,0,0,0,0,0,0,1,0,0,0,0,0,0,0,5,2,0,15,0,0,0,0,0,0,64,73,64,82,107,10,0,0,3,68,0,0,180,173,67,144,28,20,3,0,0,0,0,0,0,0,82,44,142,45,77,365,253,41,115,776,1899,1256,97,306,304,0,2,0,0,1,0,0,0,0,0,0,404,58,24,39,42,21,61,0,0,0,1,3068,353,339,307,321,21,784,12,337,908,551,1294,764,523,426,67,338,228,0,12,17,175,21,37,97,2,5,1,379,54,259,16,13,68,34,201,85,0,0,0,0,0,0,126,47,23,4,3,12,97,75,92,45,30,15,9,15,10,6,15,0,0,0,0,0,0,0,0,28
유성구 어은동,2,1,0,6,3,4,3,0,10,2,14,1,9,6,74,3,10,8,388,325,0,0,0,0,0,0,0,0,0,4,0,0,0,0,0,0,1,0,7,0,0,0,0,0,0,19,24,18,31,32,0,0,0,0,21,0,0,60,20,13,31,4,2,2,0,0,0,0,0,0,0,14,7,33,8,32,156,36,6,28,234,911,601,31,40,47,0,0,0,0,0,0,0,0,0,0,0,274,21,2,4,6,8,5,0,0,0,0,1010,52,41,79,66,5,335,5,59,174,140,563,432,228,195,53,202,31,0,7,6,42,0,7,4,2,0,0,69,51,117,22,5,28,12,57,22,0,0,0,1,0,0,28,6,5,0,0,1,25,9,26,1,6,2,0,2,1,2,1,0,0,0,0,0,0,0,0,14
유성구 구성동,1,0,0,0,0,0,0,0,2,3,3,3,10,3,49,4,3,3,273,232,0,0,0,0,0,0,0,0,0,0,0,0,0,0,0,2,1,0,3,0,0,0,0,0,0,9,10,7,38,14,0,0,0,0,5,0,0,38,10,4,7,6,1,0,0,0,0,0,0,0,0,2,13,4,1,16,65,27,0,17,129,478,492,8,8,13,0,0,0,0,0,0,0,0,0,0,0,221,2,3,3,2,3,1,1,0,0,0,698,20,16,36,29,6,102,0,9,30,44,418,171,66,106,63,282,48,0,15,4,13,0,1,2,0,0,0,20,77,69,11,7,10,1,32,5,0,0,0,0,0,0,5,15,10,0,0,1,4,25,7,0,0,0,1,0,1,0,1,0,0,0,0,0,0,0,0,1
유성구 신성동,0,2,2,2,1,0,6,0,8,3,11,0,7,13,81,7,4,11,257,182,0,0,0,0,0,0,0,0,0,0,0,0,0,0,0,6,2,0,7,0,0,0,0,0,0,32,23,8,21,49,4,0,0,0,9,0,0,58,30,17,18,4,0,2,0,0,0,0,0,0,0,28,29,42,10,20,166,70,6,28,165,606,283,14,36,52,0,0,0,0,0,0,0,0,0,0,1,111,22,3,10,3,9,8,0,0,0,0,842,52,42,38,62,8,274,2,81,365,182,321,305,113,196,192,329,1707,13,72,6,151,187,99,615,8,1,2,182,40,163,7,7,73,20,225,66,0,0,0,0,0,0,38,15,7,0,4,3,34,36,44,3,24,12,17,14,9,9,7,0,0,0,0,0,0,0,0,47
유성구 가정동,0,3,0,0,0,0,0,0,3,2,0,1,1,5,25,0,2,4,167,91,0,0,0,0,0,0,0,0,0,0,0,0,0,0,0,0,0,0,0,0,0,0,0,0,0,5,8,1,7,9,1,0,0,0,4,0,0,8,2,11,4,0,1,0,0,0,0,0,0,0,0,1,4,5,2,2,28,5,2,18,38,189,66,3,4,7,0,0,0,0,0,0,0,0,0,0,0,65,2,0,0,0,1,1,0,0,0,0,125,1,1,8,2,0,19,0,7,18,6,47,32,33,57,19,63,14,0,5,1,11,0,2,1,0,1,1,43,11,33,2,2,5,3,20,4,0,0,0,0,0,0,7,3,4,1,0,0,12,6,3,8,2,0,0,0,0,3,1,0,0,0,0,0,0,0,0,1
유성구 도룡동,8,12,0,8,9,0,11,0,27,6,35,1,20,45,151,30,47,38,594,514,0,0,0,0,0,0,0,0,0,0,0,0,0,0,0,3,2,0,10,0,0,0,0,1,0,42,60,18,45,73,8,0,0,0,33,0,0,144,62,49,44,23,5,1,0,0,0,0,0,0,0,13,20,60,25,71,390,122,25,50,250,1728,569,26,36,63,0,0,0,0,0,0,0,0,0,0,0,587,4,1,5,2,1,5,0,0,0,0,641,35,33,53,51,2,91,0,36,109,98,337,304,298,267,106,517,147,10,44,17,28,11,6,13,0,1,0,55,324,528,49,21,88,23,187,66,0,0,0,0,0,0,123,36,57,4,5,12,72,142,101,24,14,3,14,5,9,11,4,1,0,0,0,0,0,0,2,33
유성구 장동,0,1,2,0,0,0,3,0,5,3,8,1,4,8,54,1,5,4,178,155,0,0,0,0,0,0,0,0,0,0,0,0,0,0,0,0,0,0,2,0,0,0,0,0,0,16,11,2,8,8,0,0,1,0,4,0,0,30,7,1,13,2,1,0,0,0,0,0,0,0,0,2,23,7,2,5,23,9,1,7,37,272,54,7,7,13,0,0,0,0,0,0,0,0,0,0,0,28,3,2,0,4,1,3,0,0,0,1,202,9,15,5,4,1,37,0,42,72,30,129,43,34,834,11,70,55,0,4,1,34,2,37,15,0,0,1,59,11,73,1,8,11,9,43,19,0,0,0,0,0,0,17,9,2,0,0,0,16,11,8,2,7,1,5,2,2,1,1,0,0,0,0,0,0,0,0,29
유성구 방현동,0,0,0,0,0,0,0,0,0,0,0,0,0,0,0,0,0,0,10,6,0,0,0,0,0,0,0,0,0,0,0,0,0,0,0,0,0,0,0,0,0,0,0,0,0,0,0,0,0,1,0,0,0,0,0,0,0,0,0,0,0,0,0,0,0,0,0,0,0,0,0,0,0,1,0,0,0,0,0,0,1,1,1,0,0,0,0,0,0,0,0,0,0,0,0,0,0,1,0,0,1,0,0,0,0,0,0,0,8,0,0,0,0,0,1,0,0,2,1,0,1,0,1,0,1,0,0,0,1,0,1,0,1,0,0,0,0,0,5,0,0,1,0,2,0,0,0,0,0,0,0,0,0,0,0,0,0,0,0,0,0,0,0,1,0,0,0,0,0,0,0,0,0,0,0,0,1
유성구 화암동,1,0,0,0,0,0,0,0,0,0,1,0,1,6,8,1,0,1,96,56,0,0,0,0,0,0,0,0,0,0,0,0,0,0,0,0,0,0,0,0,0,0,0,0,0,0,3,0,1,0,1,0,0,0,0,0,0,6,1,3,2,1,1,0,0,0,0,0,0,0,0,1,0,7,0,3,9,1,1,1,3,65,20,0,0,2,0,0,0,0,0,0,0,0,0,0,0,9,0,1,1,0,0,0,0,0,0,0,37,1,3,0,0,0,7,0,3,7,2,9,3,20,33,6,35,6,1,16,0,9,0,2,3,0,0,0,2,14,88,0,5,7,0,43,16,0,0,0,0,0,0,3,2,2,0,0,1,4,11,1,2,0,1,4,5,0,1,0,0,0,0,0,0,0,0,0,11
유성구 덕진동,0,0,0,0,1,0,0,0,0,0,0,0,0,0,2,1,0,1,18,12,0,0,0,0,0,0,0,0,0,0,0,0,0,0,0,0,0,0,0,0,0,0,0,0,0,0,0,0,0,0,0,0,0,0,0,0,0,1,0,0,2,0,0,0,0,0,0,0,0,0,0,0,0,0,0,1,0,0,0,0,2,4,9,0,0,0,0,0,0,0,0,0,0,0,0,0,0,1,0,0,0,0,0,0,0,0,0,0,5,0,0,0,0,0,2,0,2,0,0,3,1,5,2,0,2,1,0,1,1,0,0,1,0,0,0,0,0,0,10,0,1,4,2,25,5,0,0,0,0,0,0,0,0,0,0,0,0,1,0,0,0,0,0,1,0,0,0,0,0,0,0,0,0,0,0,0,5
유성구 하기동,2,1,0,0,0,0,1,0,6,0,3,0,2,7,30,1,4,8,22,35,0,0,0,0,0,0,0,0,0,0,0,0,0,0,0,0,0,0,0,0,0,0,0,0,0,3,5,6,2,7,0,0,0,0,12,0,0,6,1,6,7,4,1,0,0,0,0,0,0,0,0,3,3,14,5,13,37,31,3,13,58,165,87,1,13,20,0,0,0,0,0,0,0,0,0,0,0,42,4,3,7,2,1,6,0,0,0,0,247,36,22,13,15,7,96,2,77,409,59,111,27,7,93,17,26,31,0,3,1,59,3,9,14,0,0,2,123,7,24,0,1,16,4,28,10,0,0,0,0,0,0,13,7,14,2,0,0,11,6,7,3,3,1,2,4,7,6,0,0,0,0,0,0,0,0,0,0
유성구 추목동,0,0,0,0,0,0,0,0,0,0,0,0,0,0,0,0,0,0,7,9,0,0,0,0,0,0,0,0,0,0,0,0,0,0,0,0,0,0,0,0,0,0,0,0,0,1,0,0,0,2,0,0,0,0,0,0,0,1,0,0,2,0,0,0,0,0,0,0,0,0,0,1,0,0,0,0,2,3,0,0,2,4,4,1,1,0,0,0,0,0,0,0,0,0,0,0,0,0,0,0,0,0,0,1,0,0,0,0,20,2,0,1,2,0,2,0,1,6,7,8,1,0,42,0,0,5,0,0,0,0,3,12,1,0,0,0,5,0,2,0,1,1,0,2,0,0,0,0,0,0,0,0,1,0,0,0,0,1,0,1,0,0,0,0,0,0,0,0,0,0,0,0,0,0,0,0,1
유성구 자운동,1,0,0,1,0,0,0,0,0,1,0,0,1,1,14,0,0,0,21,29,0,0,0,0,0,0,0,0,0,0,0,0,0,0,0,0,0,0,0,0,0,0,0,0,0,3,1,0,0,4,0,0,0,1,2,0,0,10,0,1,1,0,1,0,0,0,0,0,0,0,0,3,0,3,3,1,3,1,1,1,7,23,11,1,0,7,0,0,0,0,0,0,0,0,0,0,0,3,1,0,0,10,1,0,0,0,0,0,83,9,1,3,1,0,18,1,3,13,15,30,3,2,45,4,5,43,0,5,5,8,21,33,97,0,0,0,12,1,8,0,0,3,0,22,5,0,0,0,0,0,0,2,2,10,1,3,0,1,2,7,0,1,1,1,1,0,2,0,0,0,0,0,0,0,0,0,1
유성구 신봉동,0,0,0,0,0,0,0,0,0,0,0,0,0,2,4,1,1,2,5,6,0,0,0,0,0,0,0,0,0,0,0,0,0,0,0,0,0,0,0,0,0,0,0,0,0,0,1,0,0,2,0,0,0,0,0,0,0,4,0,2,0,0,0,0,0,0,0,0,0,0,0,0,0,2,0,3,4,4,0,0,9,32,12,1,2,4,0,0,0,0,0,0,0,0,0,0,0,3,2,0,1,0,1,1,0,0,0,0,89,3,0,4,6,0,21,1,8,13,20,36,4,1,219,1,3,13,1,2,0,6,4,92,16,0,0,0,21,2,3,0,0,1,1,7,3,0,0,0,0,0,0,3,1,0,0,0,0,3,1,0,1,0,0,0,0,0,1,0,0,0,0,0,0,0,0,0,3
유성구 수남동,0,0,0,0,0,0,0,0,0,0,0,0,1,0,6,0,0,0,10,5,0,0,0,0,0,0,0,0,0,0,0,0,0,0,0,0,0,0,0,0,0,0,0,0,0,0,0,0,0,0,0,0,0,0,0,0,0,0,0,0,0,0,0,0,0,0,0,0,0,0,0,0,0,0,0,0,0,0,0,0,0,1,0,0,0,0,0,0,0,0,0,0,0,0,0,0,0,0,0,0,0,0,0,0,0,0,0,0,4,0,0,0,0,0,2,0,0,1,0,1,3,0,0,0,1,0,0,1,0,0,0,0,0,0,0,0,12,0,0,0,0,0,0,0,0,0,0,0,0,0,0,0,0,0,0,0,0,0,0,0,0,0,0,0,0,0,0,0,0,0,0,0,0,0,0,0,0
유성구 안산동,0,0,0,0,0,0,0,0,0,0,0,0,1,0,0,0,0,0,0,0,0,0,0,0,0,0,0,0,0,0,0,0,0,0,0,0,0,0,0,0,0,0,0,0,0,0,0,0,0,0,0,0,0,0,0,0,0,0,0,2,0,0,0,0,0,0,0,0,0,0,0,0,0,0,0,0,0,0,0,0,0,1,0,0,0,0,0,0,0,0,0,0,0,0,0,0,0,0,0,0,0,0,0,0,0,0,0,0,2,0,0,0,0,0,1,0,1,5,3,1,0,0,0,0,0,0,0,0,0,0,0,0,0,0,1,0,5,0,0,0,0,0,0,0,0,0,0,0,0,0,0,0,0,0,0,0,0,0,0,0,0,0,0,0,0,0,0,0,0,0,0,0,0,0,0,0,0
유성구 외삼동,0,0,0,0,0,0,0,0,0,0,0,0,0,0,0,0,0,0,2,1,0,0,0,0,0,0,0,0,0,0,0,0,0,0,0,0,0,0,0,0,0,0,0,0,0,0,0,0,0,0,0,0,0,0,0,0,0,1,0,0,0,0,0,0,0,0,0,0,0,0,0,0,0,0,0,0,0,1,0,3,1,3,1,0,0,0,0,0,0,0,0,0,0,0,0,0,0,0,0,0,0,0,0,0,0,0,0,0,4,0,0,0,0,0,2,0,2,5,0,1,0,0,0,2,0,1,0,0,0,2,0,0,0,1,0,2,3,0,0,0,0,0,0,1,0,0,0,0,0,0,0,0,0,0,0,0,0,0,0,0,0,0,0,0,0,0,0,0,0,0,0,0,0,0,0,0,0
유성구 반석동,1,5,1,4,5,1,4,0,6,6,10,1,0,10,40,9,13,9,35,29,0,0,0,0,0,0,0,0,1,0,0,0,0,0,0,3,0,0,6,0,0,0,0,0,0,4,14,16,20,20,4,0,0,0,10,0,0,23,30,24,16,7,1,0,0,0,0,0,0,0,0,39,26,34,10,20,116,38,14,31,250,465,214,26,59,90,0,1,0,0,0,0,0,0,0,0,0,60,40,8,11,14,8,43,0,0,0,0,649,119,182,71,82,20,213,2,268,1136,197,259,69,15,190,42,48,66,2,7,1,236,12,12,45,35,18,24,167,25,68,5,2,23,8,78,21,0,0,0,0,0,0,37,2,2,1,1,1,15,21,17,2,14,4,2,6,3,0,3,0,0,0,0,0,0,0,0,5
유성구 문지동,0,1,0,4,2,1,2,0,6,9,9,4,13,24,57,9,12,5,287,169,0,0,0,0,0,0,0,0,0,0,0,0,0,0,0,1,0,0,1,0,0,1,0,0,0,11,16,7,12,14,4,0,0,0,15,0,0,37,7,9,12,1,0,0,0,0,0,0,0,0,0,7,2,10,4,12,87,27,13,7,69,391,82,7,10,8,0,0,0,0,0,0,0,0,0,0,0,97,2,0,0,1,0,2,0,0,0,0,114,3,1,11,9,2,23,0,7,43,14,34,72,106,48,11,233,29,0,15,0,4,0,5,0,0,0,0,9,65,158,16,24,51,4,168,33,0,0,0,0,0,0,39,7,13,1,0,5,35,63,53,12,44,6,4,11,4,6,0,0,0,0,0,0,0,0,0,37
유성구 전민동,6,6,8,5,11,14,9,0,28,13,38,4,23,58,223,20,50,19,393,243,0,0,0,0,0,0,0,0,0,0,0,0,0,0,0,4,0,0,4,0,0,0,0,0,0,42,47,28,35,82,6,0,1,2,31,0,0,88,53,32,49,8,8,0,0,0,0,0,0,0,0,24,20,39,11,31,261,62,12,27,135,909,247,16,30,38,0,0,0,0,0,0,0,0,0,0,0,167,4,2,4,20,1,3,0,0,0,0,332,30,25,38,20,2,61,1,36,121,76,188,126,58,165,43,499,56,6,146,49,39,2,10,8,2,0,1,65,200,327,94,186,267,65,790,139,0,0,0,2,0,0,146,60,66,13,17,14,122,77,123,33,67,30,38,46,26,23,14,4,0,0,0,0,0,0,1,195
유성구 원촌동,2,0,0,1,0,0,0,0,1,0,0,0,7,9,24,2,5,2,67,39,0,0,0,0,0,0,0,0,0,0,0,0,0,0,0,0,0,0,0,0,0,0,0,0,0,2,3,1,3,2,2,0,0,0,10,0,0,8,0,2,4,0,0,0,0,0,0,0,0,0,0,1,3,1,0,1,18,3,2,4,13,91,16,0,2,2,0,0,0,0,0,0,0,0,0,0,0,20,0,0,0,0,0,1,0,0,0,0,25,3,2,4,0,0,1,0,1,5,3,7,40,6,5,0,23,1,0,2,0,0,0,0,3,0,0,0,1,10,41,7,1,5,0,19,2,0,0,0,0,0,0,18,13,9,0,1,0,19,20,47,3,3,0,0,1,0,1,0,0,0,0,0,0,0,0,0,5
유성구 탑립동,0,0,0,0,3,2,0,0,7,0,0,0,4,11,28,4,2,1,79,59,0,0,0,0,0,0,0,0,0,0,0,0,0,0,0,0,0,0,0,0,0,0,0,0,0,0,2,1,2,22,0,0,1,3,0,0,0,12,11,5,4,1,0,0,0,0,0,0,0,0,0,0,1,4,0,4,25,3,4,2,13,57,28,0,1,0,1,0,0,0,0,0,0,0,0,0,0,10,3,0,0,0,0,0,0,0,0,0,20,1,2,5,7,0,4,0,8,9,4,6,6,4,5,2,16,6,0,4,2,3,0,0,0,1,0,0,5,7,100,2,22,19,37,238,85,0,0,0,0,0,0,10,9,3,1,5,2,3,14,6,2,16,32,6,34,21,16,6,0,0,0,0,0,0,0,0,74
유성구 용산동,0,1,2,3,4,4,5,0,12,1,7,0,12,20,67,11,9,5,168,161,1,0,0,0,0,0,0,0,0,0,0,0,0,0,0,2,0,0,1,0,0,0,0,0,0,22,25,14,28,23,3,0,1,2,6,0,0,23,19,10,15,5,0,0,0,0,0,0,0,0,0,14,2,17,15,38,83,42,9,1,97,301,72,2,16,23,0,0,0,0,0,0,0,0,0,0,0,58,6,1,1,1,0,3,0,0,0,0,112,12,7,8,12,1,19,0,11,46,22,64,28,11,47,6,75,17,2,24,6,20,1,2,3,0,0,0,15,24,200,3,50,80,141,477,248,0,0,0,1,1,0,34,7,17,0,11,11,38,35,36,10,117,39,42,50,52,43,14,0,0,0,0,0,0,0,0,245
유성구 봉산동,1,1,6,1,1,0,2,0,7,3,12,1,4,13,37,4,9,3,44,40,0,0,0,0,0,0,0,0,0,0,0,0,0,0,0,0,0,0,0,0,0,0,0,0,0,7,6,1,5,18,2,0,1,3,5,0,0,9,9,5,9,3,2,0,0,0,0,0,0,0,0,3,1,4,2,12,37,18,5,10,32,123,38,7,2,8,0,0,0,0,0,1,0,0,0,0,0,17,0,0,3,0,3,2,0,0,0,0,50,8,3,5,5,2,19,0,18,20,15,19,2,0,9,5,34,8,0,13,10,7,1,0,3,0,0,1,5,4,69,1,91,194,62,538,58,0,0,0,5,34,23,5,9,11,1,5,6,8,15,38,7,91,57,132,137,50,29,11,0,0,0,0,0,0,0,2,208
유성구 관평동,10,7,16,1,13,5,12,0,34,21,69,2,33,80,227,22,47,23,363,347,0,0,0,0,0,0,0,1,0,0,0,0,0,0,0,3,0,0,11,0,0,1,0,1,0,40,50,48,38,65,5,0,2,8,42,0,0,69,56,32,51,21,6,0,0,0,0,0,0,0,0,35,17,81,12,77,207,107,22,54,218,916,284,27,59,77,0,0,0,0,0,0,0,0,0,0,0,160,17,4,4,4,4,11,0,0,0,0,450,48,40,48,45,10,89,0,55,215,130,192,102,39,222,25,236,125,3,120,79,58,10,13,13,0,1,0,52,189,1023,12,791,1010,762,994,1315,5,0,0,1,12,6,92,53,58,21,55,60,131,143,122,58,640,398,247,321,332,132,134,9,0,0,0,0,0,0,8,946
유성구 송강동,2,5,1,1,4,1,14,0,15,6,17,0,2,35,68,3,17,15,48,60,0,0,0,0,0,0,0,0,0,0,0,0,0,0,0,2,0,0,2,0,0,1,0,0,0,20,23,16,17,30,4,0,3,1,10,0,0,19,14,12,17,8,2,0,0,0,0,0,0,0,0,9,11,21,4,20,92,39,7,21,109,402,126,12,18,26,0,0,0,0,0,0,0,0,0,0,0,60,8,5,7,1,2,1,0,0,0,1,204,36,7,18,11,2,63,2,45,59,29,79,14,3,111,4,57,57,1,52,33,16,0,5,8,0,0,1,22,20,155,8,128,499,76,1408,138,6,4,2,9,29,23,33,28,18,4,13,21,73,40,45,13,235,145,146,212,225,49,58,0,0,1,3,0,0,0,2,488
유성구 대동,0,0,0,0,0,0,0,0,0,0,0,0,0,0,0,0,0,0,0,0,0,0,0,0,0,0,0,0,0,0,0,0,0,0,0,0,0,0,0,0,0,0,0,0,0,0,0,0,0,0,0,0,0,0,0,0,0,0,0,0,0,0,0,0,0,0,0,0,0,0,0,0,0,0,0,0,0,0,0,0,0,0,0,0,0,0,0,0,0,0,0,0,0,0,0,0,0,0,0,0,0,0,0,0,0,0,0,0,0,0,0,0,0,0,0,0,0,0,0,0,0,0,0,0,0,0,0,0,0,0,0,0,0,0,0,0,0,0,1,0,0,0,1,0,0,0,0,0,0,0,0,0,0,0,0,0,0,0,0,0,0,0,0,0,0,0,0,0,0,0,0,0,0,0,0,0,0
유성구 금탄동,0,0,0,0,0,0,0,0,0,0,0,0,0,0,0,0,0,0,0,0,0,0,0,0,0,0,0,0,0,0,0,0,0,0,0,0,0,0,0,0,0,0,0,0,0,0,0,0,0,0,0,0,0,0,0,0,0,0,0,0,0,0,0,0,0,0,0,0,0,0,0,0,0,0,0,0,0,0,0,0,0,0,0,0,0,0,0,0,0,0,0,0,0,0,0,0,0,0,0,0,0,0,0,0,0,0,0,0,0,0,0,0,0,0,0,0,0,0,0,0,0,0,0,0,0,0,0,0,0,0,0,0,0,0,0,0,0,0,0,0,0,0,0,0,0,0,0,0,0,0,0,0,0,0,0,0,0,0,0,0,0,0,0,0,0,0,0,0,0,0,0,0,0,0,0,0,2
유성구 신동,0,0,0,0,0,0,0,0,0,0,0,0,0,1,0,0,0,0,1,1,0,0,0,0,0,0,0,0,0,0,0,0,0,0,0,0,0,0,0,0,0,0,0,0,0,0,0,0,0,0,0,0,0,0,0,0,0,0,0,0,0,0,0,0,0,0,0,0,0,0,0,0,0,0,0,0,0,0,0,0,0,0,0,0,0,0,0,0,0,0,0,0,0,0,0,0,0,0,0,0,0,0,0,0,0,0,0,0,0,0,0,0,0,0,0,0,0,0,0,0,0,0,0,0,0,0,0,0,0,0,0,0,0,0,0,0,0,0,0,0,0,0,1,0,0,0,0,0,4,0,0,0,0,0,0,0,0,0,0,0,0,0,0,0,0,0,0,0,0,0,0,0,0,0,0,0,0
유성구 둔곡동,0,0,0,0,0,0,0,0,0,0,0,0,0,0,0,0,0,0,1,2,0,0,0,0,0,0,0,0,0,0,0,0,0,0,0,0,0,0,0,0,0,0,0,0,0,0,0,0,0,0,0,0,0,0,0,0,0,0,0,0,0,0,0,0,0,0,0,0,0,0,0,0,0,0,0,0,0,0,0,0,0,0,0,0,0,0,0,0,0,0,0,0,0,0,0,0,0,1,0,0,0,0,0,0,0,0,0,0,1,0,0,0,0,0,0,0,0,0,0,0,0,0,0,0,0,0,0,0,0,0,0,0,0,0,0,0,0,0,0,0,0,0,4,1,4,0,0,0,0,1,0,0,0,1,0,0,0,0,0,0,0,0,0,0,0,0,0,0,0,0,0,0,0,0,0,0,0
유성구 구룡동,0,0,0,0,0,0,0,0,0,0,0,0,0,0,1,0,0,0,1,2,0,0,0,0,0,0,0,0,0,0,0,0,0,0,0,0,0,0,0,0,0,0,0,0,0,0,0,0,0,0,0,0,0,0,0,0,0,0,0,0,0,0,0,0,0,0,0,0,0,0,0,0,0,0,0,0,0,0,0,0,0,0,0,0,0,0,0,0,0,0,0,0,0,0,0,0,0,0,0,0,0,0,0,0,0,0,0,0,0,0,0,0,0,0,0,0,0,0,0,0,0,0,0,0,0,0,0,0,0,0,0,0,0,0,0,0,0,0,0,0,0,0,8,0,5,0,0,0,0,0,0,0,0,0,0,0,0,0,0,0,0,0,0,0,0,0,0,0,0,0,0,0,0,0,0,0,0
대덕구 오정동,68,66,30,28,101,27,119,1,148,117,196,9,224,746,1260,419,487,353,593,149,1,1,0,0,1,2,0,2,1,0,0,0,0,0,0,30,12,0,23,0,0,2,0,0,0,345,423,271,409,354,46,0,5,22,140,0,0,295,205,141,190,58,15,4,0,0,1,0,0,0,0,64,117,153,36,244,777,241,92,71,454,2163,477,46,56,119,0,0,0,0,0,0,1,0,0,0,2,277,21,2,4,3,7,8,5,0,0,0,262,45,12,39,59,8,55,0,53,78,45,115,44,21,30,10,120,27,0,7,3,24,1,3,7,0,0,0,18,45,143,12,12,31,11,76,31,0,0,0,0,1,0,1357,507,232,16,52,21,658,498,1471,272,43,19,8,10,25,31,9,3,0,0,0,0,0,0,0,54
대덕구 대화동,7,8,6,6,7,4,10,0,21,20,47,1,18,109,475,51,141,50,140,46,0,0,0,0,0,0,0,0,0,0,0,0,0,0,0,10,0,0,9,0,0,0,0,0,0,65,78,23,79,69,17,0,1,8,24,0,0,41,35,37,21,11,5,0,0,0,0,0,0,0,1,14,28,29,5,58,141,61,11,10,167,573,83,13,11,21,0,0,0,0,0,0,0,0,0,0,1,71,15,0,1,0,4,1,0,0,0,0,64,9,8,9,7,2,9,0,5,19,11,19,9,10,10,8,18,5,0,2,0,5,1,2,0,0,0,0,3,17,54,9,15,19,21,55,12,0,0,0,0,0,0,299,203,107,2,23,23,170,178,465,50,30,17,12,5,18,10,4,1,0,0,0,0,0,0,1,44
대덕구 읍내동,6,12,1,4,11,4,24,1,33,14,31,2,43,102,232,50,77,66,66,10,0,0,0,0,0,0,0,0,0,0,0,0,0,0,0,0,1,0,5,0,0,0,0,0,0,45,34,26,31,55,4,0,1,3,12,0,0,27,16,8,8,7,3,3,0,0,0,0,0,0,0,5,16,18,4,18,67,36,6,5,33,208,45,2,4,7,0,0,0,0,0,0,0,0,0,0,1,16,3,0,2,0,2,2,0,0,0,0,50,12,0,9,4,2,7,0,3,10,7,24,8,3,4,2,27,6,0,2,0,3,0,5,0,0,0,1,8,26,66,14,7,15,21,39,13,0,0,0,0,0,0,187,94,132,13,26,31,234,175,407,40,30,14,18,14,18,16,8,4,0,0,0,0,0,0,0,33
대덕구 연축동,0,2,1,0,1,0,0,0,3,0,1,0,19,8,17,2,9,1,3,4,0,0,0,0,0,0,0,0,0,0,0,0,0,0,0,0,0,0,0,0,0,0,0,0,0,2,1,0,2,4,1,0,0,0,1,0,0,4,2,6,3,0,0,0,0,0,0,0,0,0,0,0,1,1,0,0,5,2,0,2,3,18,6,0,0,2,0,0,0,0,0,0,0,0,0,0,0,0,0,0,1,1,0,0,0,0,0,0,9,0,0,1,1,0,0,0,0,0,0,0,1,0,3,0,1,0,0,0,0,0,0,0,0,0,0,0,0,0,8,0,2,0,5,6,3,0,0,0,0,0,0,10,6,5,11,0,2,20,8,25,1,0,2,4,3,6,3,1,1,0,0,0,0,0,0,0,18
대덕구 신대동,0,1,0,2,0,14,2,0,8,2,15,0,50,40,86,4,28,14,18,6,0,0,0,0,0,0,0,0,0,0,0,0,0,0,0,0,0,0,0,0,0,0,0,0,0,10,6,6,7,17,0,0,2,1,5,0,0,6,7,3,2,1,0,1,0,0,0,0,0,0,0,2,5,1,0,5,17,4,1,1,12,65,17,0,1,2,0,0,0,0,0,0,0,0,0,0,0,9,0,0,0,0,0,0,0,0,0,0,14,1,0,2,0,1,3,0,0,3,0,3,1,0,0,2,4,2,0,0,0,1,0,1,0,0,0,0,4,3,20,0,6,6,4,19,5,1,0,0,0,0,0,29,24,40,8,11,7,72,54,85,8,16,5,8,4,12,13,5,7,0,0,0,0,0,0,0,21
대덕구 와동,0,1,2,5,1,0,1,0,1,5,5,1,12,7,27,2,6,4,2,1,0,0,0,0,0,0,0,0,0,0,0,0,0,0,0,0,0,0,1,0,0,0,0,0,0,8,7,0,3,4,0,0,0,0,2,0,0,3,0,0,3,0,0,0,0,0,0,0,0,0,0,0,0,0,2,0,11,0,2,1,4,42,9,1,3,6,0,0,0,0,0,0,0,0,0,0,0,0,1,0,0,0,0,0,0,0,0,0,6,1,0,1,1,1,3,0,0,1,0,1,0,2,1,1,5,1,0,0,0,5,0,0,0,0,0,0,1,5,10,0,13,10,10,29,3,0,0,0,0,0,0,14,14,8,2,3,6,22,33,28,5,21,10,3,31,24,21,4,17,0,0,0,0,0,1,0,41
대덕구 송촌동,25,69,23,63,115,64,212,3,513,216,471,12,548,1384,2487,390,587,239,55,111,2,3,0,0,0,0,0,9,0,0,1,0,0,0,0,40,6,0,53,0,1,2,1,0,1,280,280,145,185,338,45,0,11,17,125,0,0,159,142,117,150,38,16,1,0,0,0,0,0,0,0,38,48,94,43,96,375,163,71,49,323,1111,259,53,59,80,0,0,0,0,0,0,0,0,0,0,0,108,23,3,15,11,2,11,0,0,0,0,225,32,17,37,26,4,49,1,21,56,25,64,26,10,38,7,63,24,1,6,1,17,1,3,5,0,0,0,15,68,145,20,11,30,33,108,56,0,1,0,0,0,0,739,307,439,57,64,98,1396,1549,1906,1096,121,25,18,27,63,33,28,10,0,0,0,0,0,2,2,106
대덕구 법동,15,19,11,18,43,16,75,1,131,65,176,7,380,454,1143,205,304,103,72,51,0,1,0,0,0,0,0,0,0,1,0,0,0,0,0,8,4,0,9,0,0,1,0,0,0,182,187,57,98,250,24,0,5,5,127,0,0,138,77,66,75,25,5,2,0,0,0,0,0,0,0,25,25,49,13,64,330,112,33,20,198,1015,194,15,32,51,0,0,0,0,0,0,0,0,0,0,2,99,3,2,2,0,0,4,0,0,0,0,193,18,3,15,11,2,37,0,22,35,16,67,22,8,24,8,91,29,0,6,0,5,0,2,0,0,1,0,5,65,120,30,9,48,25,81,27,0,0,0,0,0,0,458,309,254,29,65,54,1158,580,1233,354,60,13,38,32,43,51,19,6,0,0,0,0,0,1,0,95
대덕구 중리동,46,70,32,92,129,62,237,0,322,235,415,20,587,1304,2971,656,1006,391,148,111,0,5,1,0,0,0,0,1,7,0,0,0,0,0,0,47,7,1,40,0,0,5,1,0,0,300,372,197,335,388,79,0,19,26,108,0,0,281,209,207,186,121,26,7,0,0,1,0,0,0,0,88,123,232,50,229,711,334,81,103,532,1719,527,37,66,136,1,0,0,0,0,0,0,1,0,0,2,200,23,3,34,6,4,18,0,0,0,0,415,55,19,73,58,11,65,0,66,66,38,73,45,7,36,4,120,15,0,0,0,20,2,0,6,0,0,2,26,68,234,37,18,59,50,149,80,1,0,0,1,0,0,1939,834,647,51,91,134,2427,1837,1789,839,96,50,42,68,86,67,35,7,1,0,0,0,0,0,0,134
대덕구 비래동,36,55,20,32,108,53,188,0,463,159,385,14,278,1113,1395,222,301,218,40,68,4,3,1,0,0,4,3,3,8,5,1,0,0,0,0,26,3,0,25,0,0,3,0,0,0,234,188,64,180,302,39,0,9,16,96,0,0,104,80,86,72,26,9,5,0,0,0,0,0,0,0,31,39,71,13,80,201,80,19,24,105,504,117,20,26,50,0,0,0,0,0,0,0,0,0,0,0,29,14,1,13,2,2,3,0,0,0,0,102,15,6,16,8,1,20,1,21,10,8,26,3,4,8,2,28,8,0,2,0,6,0,0,0,0,0,0,2,10,43,3,2,15,19,36,17,0,0,0,0,0,0,304,106,69,1,15,14,1210,429,696,383,24,8,8,30,8,14,5,2,0,0,0,0,0,0,0,40
대덕구 석봉동,2,4,0,1,2,0,1,0,7,7,13,2,11,24,80,8,6,3,17,22,0,0,0,0,0,0,0,0,0,0,0,0,0,0,0,3,0,0,0,0,0,0,0,0,0,18,12,9,7,33,1,0,0,1,11,0,0,8,11,6,12,1,0,0,0,0,0,0,0,0,0,5,3,14,2,11,46,14,8,10,36,155,54,12,4,8,0,0,0,0,0,0,0,0,0,0,0,31,1,0,1,0,1,0,0,0,0,0,61,10,5,10,10,3,12,0,12,20,13,32,5,1,28,1,13,9,0,8,3,5,1,2,0,0,0,0,5,12,66,4,75,129,157,546,245,11,0,0,2,4,1,30,20,24,7,16,24,62,44,59,14,288,350,174,274,363,109,191,1,13,1,0,0,0,4,7,843
대덕구 목상동,0,0,0,0,3,0,4,0,1,4,10,0,4,18,74,3,9,7,6,11,0,0,0,0,0,0,0,0,0,0,0,0,0,0,0,0,0,0,0,0,0,0,0,0,0,11,16,10,6,16,0,0,0,1,4,0,0,10,5,6,5,1,1,0,0,0,0,0,0,0,0,0,8,3,1,14,20,19,2,5,32,89,24,3,2,3,0,0,0,0,0,0,0,0,0,0,1,7,0,0,2,0,0,1,0,0,0,0,32,5,2,10,2,0,13,0,2,6,2,12,3,0,14,0,3,8,0,8,2,3,1,1,0,0,0,0,4,4,15,1,37,73,96,300,121,1,0,0,0,0,0,12,21,9,3,9,7,21,23,41,3,284,76,103,149,216,48,55,0,0,0,0,0,0,5,3,728
대덕구 문평동,1,0,8,0,0,1,0,0,2,1,3,1,2,6,32,3,7,7,19,21,0,0,0,0,0,0,0,0,0,0,0,0,0,0,0,1,0,0,0,0,0,0,0,0,0,4,8,0,8,0,0,0,0,0,3,0,0,4,1,0,1,4,0,0,0,0,0,0,0,0,0,0,4,2,0,6,6,6,2,2,34,21,9,0,0,1,0,0,0,0,0,0,0,0,0,0,0,10,0,0,1,1,0,0,0,0,0,0,14,6,0,0,0,2,6,0,0,3,5,6,5,0,8,0,6,19,2,20,2,1,0,0,0,0,0,0,4,5,41,0,6,49,55,217,68,0,0,0,0,1,0,6,5,8,1,1,4,16,20,31,11,114,41,46,21,70,32,4,0,0,0,0,0,0,0,8,130
대덕구 신일동,0,0,0,2,0,0,1,0,4,1,5,0,10,8,61,7,13,2,21,33,0,0,0,0,0,0,0,0,0,0,0,0,0,0,0,1,0,0,0,0,0,0,0,0,0,8,4,1,1,8,1,0,0,1,0,0,0,6,6,4,3,0,0,0,0,0,0,0,0,0,0,2,3,5,0,10,13,15,2,3,18,29,38,1,3,3,0,0,0,0,0,0,0,0,0,0,0,5,6,0,3,1,2,1,0,0,0,0,12,1,0,3,4,0,10,0,1,4,0,5,1,1,4,0,3,6,0,4,2,2,0,0,0,0,0,0,7,4,10,0,44,30,59,133,72,0,0,0,0,0,0,9,6,8,2,8,16,14,17,28,4,99,82,13,115,58,19,11,0,0,0,0,0,0,4,0,251
대덕구 덕암동,0,1,1,0,2,1,4,0,5,4,11,0,6,29,79,9,18,7,9,11,0,0,0,0,0,0,0,0,0,0,0,0,0,0,0,1,0,0,2,0,0,0,0,0,0,23,8,9,10,32,0,0,0,1,11,0,0,15,6,5,7,2,1,0,0,0,0,0,0,0,0,2,1,6,5,8,29,34,6,4,34,138,34,1,6,2,0,0,0,0,0,0,0,0,0,0,1,19,5,0,2,0,0,3,0,0,0,0,51,8,3,5,1,0,3,0,3,15,2,9,3,1,10,6,22,7,0,2,0,4,0,0,0,0,0,0,3,4,20,1,41,114,60,299,112,0,0,0,0,1,0,25,16,24,3,18,44,69,60,50,12,299,167,102,129,183,123,50,4,3,0,0,0,0,6,2,836
대덕구 상서동,0,3,0,0,2,3,2,1,2,4,0,0,8,11,24,2,5,6,5,12,1,0,0,0,0,0,0,0,0,0,0,0,0,0,0,0,0,0,0,0,0,0,0,0,0,8,6,1,5,6,1,0,0,1,3,0,0,4,0,5,1,1,0,0,0,0,0,0,0,0,0,2,4,2,1,2,13,4,5,1,9,45,14,1,2,1,0,0,0,0,0,0,0,0,0,0,0,5,0,0,1,0,0,1,0,0,0,0,9,1,0,5,2,3,3,0,0,2,0,2,2,0,5,0,8,2,0,3,0,1,0,0,2,0,0,0,3,1,11,0,20,44,19,87,23,0,0,0,0,0,0,10,9,44,8,14,7,13,26,23,12,96,38,19,21,41,30,14,2,1,0,0,0,0,0,0,164
대덕구 평촌동,0,1,0,1,1,1,2,0,1,2,4,0,5,4,20,1,5,3,10,11,0,0,0,0,0,0,0,0,0,0,0,0,0,0,0,0,0,0,0,0,0,0,0,0,0,8,12,3,1,6,1,0,0,0,0,0,0,9,9,2,3,1,0,0,0,0,0,0,0,0,0,3,1,2,0,0,18,5,1,0,13,82,6,3,1,5,0,0,0,0,0,0,0,0,0,0,0,3,0,1,0,0,0,0,0,0,0,0,11,5,0,1,0,1,0,0,1,1,3,3,2,0,4,0,3,2,0,1,0,1,0,0,0,0,0,0,1,0,11,0,10,9,13,78,13,0,0,0,0,0,0,10,6,4,3,3,5,8,9,11,5,113,42,6,21,25,15,28,0,1,0,0,0,0,0,1,314
대덕구 장동,0,0,0,0,0,0,0,0,0,0,0,0,1,0,1,0,0,0,0,0,0,0,0,0,0,0,0,0,0,0,0,0,0,0,0,0,0,0,0,0,0,0,0,0,0,0,0,0,0,0,0,0,0,0,0,0,0,0,0,0,0,0,0,0,0,0,0,0,0,0,0,0,0,0,0,0,0,0,0,0,0,1,0,0,0,0,0,0,0,0,0,0,0,0,0,0,0,0,0,0,0,0,0,0,0,0,0,0,0,0,0,0,0,0,0,0,0,0,0,1,0,0,0,0,1,0,0,0,0,0,0,0,0,0,0,0,0,0,0,1,0,0,0,1,0,0,0,0,0,0,0,0,0,1,0,1,2,1,0,0,0,0,0,0,0,1,0,0,2,0,0,0,0,0,0,0,3
대덕구 용호동,0,0,0,0,0,0,0,0,0,0,0,0,0,0,0,0,0,0,0,0,0,0,0,0,0,0,0,0,0,0,0,0,0,0,0,0,0,0,0,0,0,0,0,0,0,0,0,0,0,0,0,0,0,0,0,0,0,0,0,0,0,0,0,0,0,0,0,0,0,0,0,0,0,0,0,0,0,0,0,0,0,1,0,0,0,0,0,0,0,0,0,0,0,0,0,0,0,0,0,0,0,0,0,0,0,0,0,0,0,0,0,0,0,0,0,0,0,1,0,0,0,0,0,0,0,0,0,0,0,0,0,0,0,0,0,0,0,0,0,0,0,0,0,0,0,0,0,0,0,0,0,0,0,0,0,0,0,0,0,0,0,0,0,0,0,0,0,0,0,5,0,0,0,0,0,0,16
대덕구 이현동,0,0,0,0,0,0,0,0,0,0,0,0,0,0,0,0,0,0,0,0,0,0,0,0,0,0,0,0,0,0,0,0,0,0,0,0,0,0,0,0,0,0,0,0,0,0,0,0,0,0,0,0,0,0,0,0,0,0,0,0,0,0,0,0,0,0,0,0,0,0,0,0,0,0,0,0,0,0,0,0,0,0,0,0,0,0,0,0,0,0,0,0,0,0,0,0,0,0,0,0,0,0,0,0,0,0,0,0,0,0,0,0,0,0,0,0,0,0,0,0,0,0,0,0,0,0,0,0,0,0,0,0,0,0,0,0,0,0,0,0,0,0,0,0,0,0,0,0,0,0,0,0,0,0,0,0,0,0,0,0,0,0,0,0,0,0,0,0,0,0,1,0,0,0,0,1,0
대덕구 삼정동,0,0,0,0,0,0,0,0,0,0,0,0,0,0,0,0,0,0,0,0,0,0,0,0,0,0,0,0,0,0,0,0,0,0,0,0,0,0,0,0,0,0,0,0,0,0,0,0,0,0,0,0,0,0,0,0,0,0,0,0,0,0,0,0,0,0,0,0,0,0,0,0,0,0,0,0,0,0,0,0,0,0,0,0,0,0,0,0,0,0,0,0,0,0,0,0,0,0,0,0,0,0,0,0,0,0,0,0,0,0,0,0,0,0,0,0,0,0,0,0,0,0,0,0,0,0,0,0,0,0,0,0,0,0,0,0,0,0,0,0,0,0,0,0,1,0,0,0,0,0,0,0,0,0,0,0,0,0,0,0,1,0,0,0,0,1,0,0,0,0,0,0,0,0,1,0,5
대덕구 미호동,0,0,0,0,0,0,0,0,0,0,0,0,0,0,0,0,0,0,2,0,0,0,0,0,0,0,0,0,0,0,0,0,0,0,0,0,0,0,0,0,0,0,0,0,0,0,0,0,0,0,0,0,0,0,0,0,0,0,0,0,0,0,0,0,0,0,0,0,0,0,0,0,0,0,0,0,0,0,0,0,1,0,0,0,0,0,0,0,0,0,0,0,0,0,0,0,0,0,0,0,0,0,0,0,0,0,0,0,0,0,0,0,0,0,0,0,0,0,0,0,0,0,0,0,0,0,0,0,0,0,0,0,0,0,0,0,0,0,0,0,0,0,0,2,0,0,0,0,0,0,0,0,0,0,0,1,0,0,0,0,0,1,2,0,0,0,1,0,0,2,0,0,0,0,2,2,8
대덕구 신탄진동,2,3,1,0,6,2,7,0,7,15,19,2,7,43,124,25,30,12,28,23,0,0,0,0,0,1,0,1,0,0,0,0,0,0,0,4,0,0,0,0,0,0,0,0,0,9,23,7,6,28,1,0,1,3,10,0,0,17,14,15,14,6,1,0,0,0,0,0,0,0,0,7,11,27,4,17,58,38,11,6,65,166,40,3,7,19,0,0,0,0,0,0,0,0,0,0,0,23,5,1,2,0,1,2,0,0,0,0,70,7,3,11,5,0,8,0,8,23,18,21,16,3,30,2,10,29,1,13,5,3,0,1,6,0,1,0,3,22,137,2,55,161,204,542,319,0,0,1,2,0,1,39,35,35,37,41,57,92,118,104,32,713,590,148,368,744,210,366,3,18,3,1,0,0,18,30,689
